m,0,sppsrssrsrsrssrprprssrpssssrpppssprrrppssrssrrsrprrprsrrsprsssrpsprprrprssspssprsrsrprrrsssrspsspprsspsssrrrpprrrpsprrpsrrrrpprrpsprrsrrrrspppsppsrprrrrrrrssrspspsrrpsrrsrsprpssrpsprsprrrrrsprrsspspsrpspspsprrrpprprsprsrsrppppspprprpprrpprpsssprpsprsrrpsrprssssprrrrprpssrsssppsppsrpsrrrrssrpssppsssr,630
m,1,rrsrspsrrssrsrrssrrprprsppspsssprrrspsspsssppsrsprprrrrpssrpspsppsprrrrprpprpssssrpsppspsrspsrprprpsssrrsspspsrpppprsrsrsrspsrrsspspprrsrrssrprppsrpspspsrsrpssprprsprsssprrsppspsprpsrrrrpsspppsrsrprspppsrssppsrpsrsspppppsrrrssprrrrrsrsprprsrrssspssssrrpsrprsssprsssspssrsrrssrspsprrrppppssspssprrprsp,313
h,2,rspprsprppprsprsrpprsprppsrpprprpprpprpsrpspprpprpprrprppprprppspsrpprprpsprpsprprpprspprsprsprppsrprspprsprpsprpprpspppppspppprpprpsprprprspprsprpprprprprpprprsprrspprprspprsprpspprrspprprsspprpsrprspprspprpsrpprprsprspprspprpsprpsrpsprpsrpprppprsppprsppsrprprspprsprsprspprprsprpprpprsprprsprpsprpr,774
m,3,prprssspspsssrpsrsrrsprrsrrrrrrprrppsrsrprsssprsrpsrrprspprrsrpssssrsrspsppprssrppssspsrrrsrpsrprpsppsprrrsrrsprsrprprpsppsrrrprprsrpprsprrrrprrrprrsspsspspprrpsrrrpprrpsrsssspsrsrsprprpppsssrsssprspsrprsspspsppppppprrrpssrrrprrrssrssrprpspppsrsspsrprrprsrsrppprprspsppsssrsrsssprppprssrppsssrprprrpp,0
h,4,prpsprpspsrsrssrsrrspsprppsrpsrprppsprppsprpspsprppspssrpspprpsprpspssrsprsssprpsppsrppspppsprpsrspsrrrsrsrrrrsrpprpsrprpsrpsppprsppppppsrsrsrsrssssrppsprssrpspspsppprrspprrsprssrpsprprprspprrpspspssprprpspsrpspssssrpsppprpsprpsppsrpspprpprppsprpprppsprppsppprsrsrsrprprpspprprsprppsprpsprsprpsprsrpr,9257
h,5,srprpsrsprpsprprsprpsprssprsprrprpssrprppprrrspsrprspsrpsrpsrprspsrpsrpprsprspsrpsrpsrpsrpprspsrprspsrpsrpsrppsrpsrpsrpsrpsrpsprpsrprpsprpsprpsrpspspspspsprprpprpsrpsppsrprsprppsrpsrpsrprpsprprspsrppsrpsrpsrprsprpsrpsrpsrprpsrsprpsprprsprpsprssprsprrprpssrprppprrrspsrprspsrpsrpsrprspsrpsrpprsprspsrp,8660
h,6,psprsprpsrpsprpsrpsprsprpsrpsprpsrpsprpsrpsrpsprpsrpspsrpsrpspspsrppsprpsprpsrppssrprpspsprpsrpsprprpsrsprsprpsprpsprsprpsrpsprrpsprpsprpsprrpsrpprrpspsprsprspsprpsrpsprpsprsprsprpsprsprsprpssprsprpsprsprpsprpsrpsprsprpsprsprsprpsrpsrpsprsprpspsrpsprpsprpsprsprpsprprprsprpsprsprpsprpsprspprpsrpsprps,31667
m,7,sspsrpprspprrrpprrrpsrrrrprrrsprrsrpsrpspsrrrsssrspsrssspprrpsrprrrrprsrpssprrrrprsrrsssssrpssssrprpprpprprssspprspspprrrsrsrsrsspsprrssrrrspppsrppsprssssssprrprrrsrpsrppppsprspsppssppsspsrsssprsrrrppprspsrprprrppprsrssssrssssrrrpsspppsprrprspsrpsrpprprrprsrrppsppsspsrpprsrpprrrrrrpprppprspppsssppsp,562
h,8,srprsprsprspsrprsprsprpprsprsprsprsprpsprsprsprspprpsrpprsprsprpsrprpsrprpsrprpsrprsprsprsprpsrprpsrpsrprsprsprpspsrpsrprsprspsrprsprsprsprspsrprpsrprsprpsrprprppsprsprprsprspsrprpspsrpprpsrpsrprsppsrpsprpsprpssprpspprpspprpsrpppsprpsprprssrpprspsprpprpspprpsrppsrprpsppsppsprpsprprspsprpsrprspprsprp,19936
h,9,rsprpspspprpsppspprpsrppsrprsprpspsrpsrpsrprsppprpppspprprspsprprspsrppsrprsprspsrppsrpsrpsrpsrppsrpsrpsrprsprsppsrpsrppsrprsprspsrppsrprspsrpsprprpsprpsppppprpspsprprpspprspsppspsrprppsrprsppsrpsprprspsrprsppspsrpsrpprspsrppsrpsrpsrpsrprsprsprsppsrprsprspprspsrprspsprpsrspsrppsrpsrprspsrpsrprsprspr,11313
h,10,rpsrpsrpprsprspsrprspsrpsrpsrpsrpsrpsrpsrpsrpsrpsrpsrpsrpsrpsrprsprspsrpsrpsrpsrprspsrprspsrpprsprsprpspsrpprsprsprsprsprsprsprsppsrprprpsrprspsrpsrpprspsrprspsrpsppsrpsrprpsrprsprspsrpsrpsrpsrpsrpsrpsrprsprspsrpsrpsrprsprsprsprsprsprsprsppppppppsrssrsrrssrprppprsssssrsrrpsrprspsrpsprpsrpsrprpsrpsrp,11067
m,11,rsrrprrrpssrrrprsssprsrrpprprssrprsrsprpspprpprpprsssssrssspppprppprsprsrprppsppspsrrrsrspssprssrprssrsrrpspssprrsspppsprrsrprspssrpssrsrpppprpsrprpsspspssssprsprrssrrsprpsprprsrprsprrrspsrsrrsrppprsrsrsprrsrrsrprppppsrssrsrrpspssppsppprsrrsrrppssssssrsprprrrpssrpppsssspsrrppprpsrpsrpsrssssppppprsrp,291
m,12,srppsprsrrspsppsrrsrrssprsrpsrprsrrsrrpsrrrrrsprsppppssspsrsrsrsssrssssssrspspppprpppprrrrssprrrspsssrpsssssspspssrppprspsssprrsprsrprsrpsrrrssrsrppssrpsrspsrprprsprpprrsrpppssrrssrpsprrrsrprrspppssrprsprrprpspsssssrrsppssspspsrrssspspppprspprsrppppprprprrsrsprprrrpprsrpssrspprspsrssssrpspprpspsppss,270
m,13,ssrsprsrsppspssppsspspspsrpssssppppsrrpsssrssrrssrpprsrprspprrrppprsssppprprpppprsrssrprpsspssrrppsprspsssspsrsrpspspspppsssrrsrppspsrsrrsssrssprprrrsrrsppsrrppssrrrrsprpspppssrsrsrppsppprrrsrspppsrsppsrsrsrsprsssppsrssrsrsssprrrprpssrrrrrspsppprrprsprsprssrspsssspsppsrrpppssprpsspppsrsspprprrrsrpsr,606
h,14,pssrrrrpspprsprrprspsssrpssprssppspsppprrpsspprrspssprrrrspppsrpssprrssrsrrpspprsspsrrpssppsrpprpsspsrrppssrspspsprprsspsprrrprppsprppsrsssrrprssrspsrpsspprrrssprpsrpssrsrsrrsrssppsprrprpsrrprrpsssprpsspsprssppsssrprrsprppprprsrrppprspprsrsprrsrrssrrssrrssrpprrpspsssrrprssrsssspsrssrsppsrppppspssppp,680
h,15,pssrprrsspprsrpsrrsssrsspspsspsprprrsrsprppppppsrsssprrpspsrsssrrrprssprrsprrpsrssrsppppssssspsspprrsspppspspprrrrrrsrrpprppssrrprrsprrpspprpsrssrsssspprprsrrprssssrrssprsspssrrsspprspssspssrrpsprsssrrspssrrsrspsppppsrrrprrspsprspssppsrrprrrsppsppprprrsrrspprspspssrsrsrrpssrrsspsssprsrsrrsrspssrsspr,822
h,16,rrrrrrrrrrrrrrrrrrrrrrrrrrrrrrrrrrrrrrrrrrrrrrrrrrrrrrrrrrrrrrrrrrrrrrrrrrrrrrrrrrrrrrrrrrrrrrrrrrrrrrrrrrrrrrrrrrrrrrrrrrrrrrrrrrrrrrrrrrrrrrrrrrrrrrrrrrrrrrrrrrrrrrrrrrrrrrrrrrrrrrrrrrrrrrrrrrrrrrrrrrrrrrrrrrrrrrrrrrrrrrrrrrrrrrrrrrrrrrrrrrrrrrrrrrrrrrrrrrrrrrrrrrrrrrrrrrrrrrrrrrrrrrrrrrrrrrrrrrrr,49500
m,17,ppsprpssrprpprssssprprpppprsrrsprspssppssrppsrrprsssrrspssrpsssrrpprpspprssrpsrrsprrrrppsrspprrrrrprssspppsprspsrpprpssrspspprpppssrsssspssprprpspprssrpprrrspsprpprprspprsrsrsrprsrsssssrrppprrppppsrssppssrsprrrrrpsssrpspsppprpprsrprpsrrspprsprrsrrsrsprpprrrrrssrsprrrpsrsspprsssrsprrsprsrrprrspssrpss,562
h,18,rpsrprpsrprpsrpsprprpsspprprpspsrprrsssrprpspsrpsrpsrpsprsprspsrprsprspsrpsprspsprsprspsrpsrpsrpsprspsrprprspspsrprprspsrprpssrprpsprpsrpspsrprpspsprprprpspssspspppprspsrprrprsprsprpsrprsrprpsrpsrprpsrprpsrpsprprpsspprprpspsrprrsssrprpspsrpsrpsrpsprsprspsrprsprspsrpsprspsprsprspsrpsrpsrpsprspsrprprs,15652
m,19,rsppprspppsprsppssrppsprppppspppsrprsrssprprsprssrprpssrssprpprrpppsrsrpsspspsrrrpsprrssspprpprrrrrprrsrprrsssrsrppssprrssrprprprpsrprpspsrsrpprsrprpprsprsrrsrssspsssrpssrprsppppprrssprprppsrrsprrspprsprrspppssssspsrprprsrsrrsrrpprrssrpssrppssppprpsrrrprssrpprprrsppsrsrrprrsrppprrppsrrpprrprsssrsrpp,313
m,20,sprprssrrppppsrrrsprsrpsrspprsppssprprspprssprprsprsprssssprppppspprrpsrprsrrrpsspsssppspppsrrpppsrsprsppsprpsrprrrrsrpsrrprsrssrppsppppsrpsprprspssrprrrpsppssrrrssssrrpsrrpssprrsrspssrrsrrrsrprrsrssrrpspppspssrppsssrpsprpssrrpsrrpssppsrrsspsppprsppprsrprspspppspprppprrrsprsppprsrprpsspssspsrrrpsrpr,0
m,21,srrrspppssssrprrssspsrrspprrrpssspprrspsssrpssrsrsspsssspppsssrrprprsrsrsspspsspsspprppsrrrppsrpsprspssssrrpspsssrpprppprsppsrprpspsrrprrprsrrrspspssprrrsrsprssrssprsrprrspsspsrpsrpsssprpppppsrpssrspprrpprprsrsrprrpssprspssssrsrspppprrrrprrspprrrsprrpprspsrrrpprprrpssrrsrrrsrrpspsrrpsprpppssspssrrpr,605
h,22,ssssssrsprppsprsrpsprsprpsprpsprsprsssssssssssprpspprpprrpspppsprsprsrssprprprppsprpprppsppspsrpspprppppssssssssssssrrrrrrspspsprppsprsprpppsprpsprpsrppsprsprppprsprpsprsprprpsrpspprsprpppsrpsprpsrpsprpsrpsrpspprpsprpsprpsprspsrpsprspprssrppprsppppppsrrrrrrrrrrrrspspsprpsrpsprsprpsprprpprprprprprpss,12298
m,23,prssrpsrrsspssrssrrssssspssprpspprsprppsprrrpsprsrsprspprpprrprpsrprpppppppspprprpsssrsprssprsrssssrspsrprprrsrspsrspppprrrppsrsssrpspppspppsrrssrsrpprspppspsrrrppsspppssrssrprpprspprprsssrspssrprrrrrsrrprpsprsrprsrpprsssssrspprpppprrssrrppprspsprprssppprrrrpssrrrspprsprpppsprsrrprrrsrppssrspssssssr,605
h,24,rpsprsprpsrpspprprpsrpsrpsprpsrppprsppsrsrssrrrspsrppsrpsprpsrprspppsrprsrpsprspsrpsrpsrprspsrssrrrspprpsrpsrpsprsprpsprsprpsrspprpspspsppspprprprpprpspspsprpppppsrprrrsrsrsrprpsprpsprsprpsrpsprpsrpsprpsrpsrpsprpsrpsprpsrprpsprpsrpsprpsprprpsprpsrpsprsprspsrpsrprpssrpsrpsrprpsrprprsprspsprprspprprps,11905
m,25,sprpsrpsppspspsrprprprprrrspsppspsrppsrpsprpsrpsprppppsprpspsppsprprprpspspspspsrprprpspspsprprpspspsprpspsrprsppsrprppssppspspspsrprprpsrprprpsprpprprrrrsrsrsrsrsrpprprprprpspsrppsrpsrpsprspsrpssprprsprpprsprpsppsrpprsprprrrsprpsrpprrrsprpsrprpprsprpsprsprprprrppsprprprpspspspprprpsprprrprppspspspr,0
h,26,sprpsrprsprspprpsrpsrprsprprpsrprpsrprsprpsrpprspsrprssrprspsrppsrprspsrprsprprspsrprsprsprprrprprprprprprpprprprprprprprprprprprprprprprrprpprrprprprprprpprprprprprprprpsppspsprpssprpspsrprspsrpspspprspsppsrppsrpsppsrpsprsprprpsrpsrppsprspprspsrppsrprpsrpsrpsrpspsprspsrprpsrpsrpsrpsprpsprpsrprsprsp,19595
h,27,sprpsrpsprpsrpsprpsrpsrpsrpsppppsprpppsrppppsrpsrpsrpsprpsprsprpsprpsrpsprpsrpsrssssssssssssssssssssssssrpsrpprpsrpsprpsrpprpsrpsrppprprprpspsppsrpsrppsrpsrpsprppprrrrrrrrrrrrrrrrprrprrrpppppppppppppppppppsrsrsrsrsrsrsrsrsrsrsrsprppppppppppppppppppppppppppppppppppppppppppppppppppsrsrsrsrsrsrssssssss,31340
h,28,sssssssssprrrrrrrrrrrrrrrrrrrrrrrrrrrrrrrrrrrrrrrrsssssssssssssssssssssssssssssssssssssssssssssssssssssspppppppppppppppppppppppppppppppppssssssssspssssprrrrrrrrrrrrrrrrrrrrrrrrrrrrrrrrspppppppssssssppppppppppppppprrrrrrrrrrrrrrrpsssssssssssssssssssprrrrrrrrrrrrrrrrrrrrrrrrrrrrrrrrrrrrrrrrsssssssssss,52561
h,29,srprpprssrsrpspprrpprprprrppssrpprppspprpprrsrrssrssrppsrrrrssprspsssssprprrpprpsssppsrrrrsrsrpsppprrppsrsrppsppprrprssssrprsrrssrsrrrppsrrrsrrrspsprrsrprssspprssprrrssrppssssppppsrsrrssppsppprsrrrrrppsrspprrsrppsrrsprsrrrsrrppssspprrpsrprssrsrppprsrprrssrrsrppsspsrrrppspsspsppspprprpprssrppsprprssr,776
m,30,rsprpsrrrsppsprpsrpsrrssrsrsspssssppspsssrpssrrprsrrpprssrpprpsrppppppspprsprsrppsspssrpspprrrsprspprpsppprrspssprpprrprrrrpspspsprsspssrssprsspprpsrrrrrpspsrspspsspsppsrrrsrrsprpprrppsspsrrsrssspsprppssppsrrrpssspspsppspssrprrsrspspprrrspsppprrrpsrrsprssrprsrpsppsrpppprrspssspprrrspsspsrrprpprsspsp,291
m,31,ppssssrsrsrpspssssrsrsrprprrsrsrsrssssrsrprrrprrsrsrsrsrpsrprprprsprsprsprsprsprsprsprsprpsrprprprpsrprsprsprpsrpsrpsrrsrsrsrsrsrsrsrsrsrsrppppppppsssssssrrrrrrrsrsspsprsprpsrpssprsprsprprsprsprprpppppsrrssrsrrrrsrsrsprprprsrsrpsrpsrpsrpsrsprrprprprrrrprspsprsprpsprsprpsrpsprpsrppprpsprsprpsrpsprspr,0
m,32,rsrprrpsrrpsrpspprprppprpprrprsrrppsrrrssrpsrrrssrsrssppppspsrsppsspssprpsrrsspsrspspssrssppprssrsssspspsssrssprrsrprssrrspppppsppsrsssrpprprppprrrsrpsrsrspspprppsrpspprppsrprppprsprrrsppssrrrsppprsssrsspsprsrppssrspsrsprpprsrppsrsssspspsrprrpsrrsrsssrrpsspssrrrspprrpssrspssrssppsprrssrrrppprrpsrssr,606
h,33,prssppspprrsrrrrprrrspssrrpsrprrprppssrpsspprspprrpsssrrrrrrpsrrprprsssrpprsssprprppsrpsspspsrspppppsppsprrprsssrssrrsprsssrprsssspsrpsrsssrpspprrrssprssrsrssssspsspsppsrsppsprrsrssprrpprssrpssrsrrpsrppsprrpsspsprrsssprrsrprpsrprssssrprsssprsspsprrpspsspprspsrsrrsssprsrprsssppsrrsssrrssssrrpspsprrsp,732
m,34,sprsprpsrpsrprprprpspsprpspspspspsprpsprsprpsrprpsprsprpsrpsprpsrppppppsprpsrspsprsssrpsprrprrrsprsrsrpsrsrpsrpspsprprsprpspsprprprprprrrrrrrrrrrrssssssssssssrrpsrpsprpsrpsprspprsprsprpsrpsrprprprpspsprpspspspspsprpsprsprpsrprpsprsprpsrpsprpsrppppppsprpsrspsprsssrpsprrprrrsprsrsrpsrsrpsrpspsprprsprp,0
h,35,rsprppsrsrsssrpssprpprprsrrspprsrrpsppprpssrpprprsppprsspssppsrrssrsprrspsppsssrppsspssrsppssppprpsrrppsrssrrssrrrrprprspssrsrpsrrprppsrsprsrrsppsprrrrsrsrpssprrprsppsrrrrspsrrsrrrpsrrrpprssrprrrsrrsrrprprssprppprspsssrpppssssrrrrrrssrsrrprpsrspprsrrprrprprssrrrrrrppspprppsrsssssssrprspprsspssrsrssp,651
h,36,spsrprspsrprsprsprsprsprsrppsrprsprprrppsppspspsprpppppppsprrpsrprsprspsrpsprpsrrsprsprsprspprsprspsrpsrprspsrprspsrprpsrpsprspsrprsprspsrprpspsrpsrprprpprprprpprprprprprprppppppppppspspspsppspspspspspsppspspspspspspspsppspsppsspspprrprprprprpprprprprprprprprrpprrsprsprsprspsrprsprspprsrspprspsrrpsp,26261
m,37,srspprrsprsrspspsrsrpprssppsrrsspsssprprsppssspsspssrsprssrprsrrssssppssprpspppprsrsrsrrprrsrspsspsrsppssrpppsprprpprssppspppppprrsrrsrsssrpsrrpprsspprpsprprpsprrrprpppsspsprsrpprrssspssrrsrspspsrprprsprpssprssprprsprrsrssppppssppspsspsppsrrprprrpsrprssppspprrppspprssrpssrrpsrsprsprrprrprppssrrprsrr,583
h,38,psrprpspsrpspsrpsprpprprprpspspsspspsprprprrprprrpspspspspsprpspspspsrppspsrpspsrpspprprspsprpsprprpsprrrrrrppppppssssrrrrpsprpsprpsprpsprprpprprrprrrrrssssppsprpsrpsrpspsprpsprpsprpsrprpspsrpspsrpsprpprprprpspspsspspsprprprrprprrpspspspspsprpspspspsrppspsrpspsrpspprprspsprpsprprpsprrrrrrppppppssssr,11180
m,39,srrrpsprppsrpssprprprprpsssssssprpsrppsprsprpsprpsrsrsrsrrrprspsrpppsprpsprsrprprpprpsspssprprrpsprpsrprpsprpsrrrprpspssrpsprppprpsprpsrpsrrpsprrpsprpsrpspsrpsprpssrrprprppprpprpsprsssssrprprprsprpppsppssrrrpsprppsrpssprprprprpsssssssprpsrppsprsprpsprpsrsrsrsrrrprspsrpppsprpsprsrprprpprpsspssprprrps,0
h,40,prpsprsprpsrprspprsprpsrpsprpsrpsprpsprpsprsprpsprsprpsprpsprsppsrpsprspspprpsprspspspspppsrpsrsprspprrrrspsrpsspssssprsprprpsprpsprsprsprpsrpsrpspspsprspsppprsprpsrpsrpsrpsrpsprsprpsprsprpsprsprpspsprpsrpsprsprpsppsppsrprprpsprsprprpsrpspsrprpsprpsrppspsrpsprpsrpsrpsprpsprpsprsprpsprpsprsrpsrpsprsp,10583
h,41,ssssssssssssssssssprpprprpprpsprpsprpsrpsprpsprsprpsprsprpsprpsprsprpsprprpprprpsprpsprsprpsprpsrpsprpsprpsprsprpsprpsprsprpsprpsprssprpprprspprpsprpsprsprppsprsprpsprpsprsprpsppsrprspsprpsprpsrpsprpsprppsprspsprpsprpsprspsrpsrprspspprprprpsprsprpsprsprpspprpsprsprpssrsprpprprprpspsprpspprpsssssssss,13266
h,42,ssssrrrprrsrprpsspspprppprrsrpprpssrrrprrpssrrppssprspsrsrrrpppspsssppsprpprppsrrpsspprsssrrpppsrprppssppppprppprrrssssrrrrppppprssssrsrpssrsppsprpprrpsrprprrrppssppssrpsrrppprrpssssrrrsspssprsrpsrrrspsprrrspsssprpprsprppprpprrsrrprsrppsrrsrrrsrpspprrpspsprpprrsrsrssprsspssspsprprpspsprssspsppprprrp,854
h,43,rprsrpsprsprspprsprsprsprsprpsrspsrrpsprsprspprprprspsrprsprsprsrsprsprsprsprrsprsprspsrprprsprsprsprsprsprsprprpsprsprsprpsrpsprsprpsrpsprsprssrprppsrprsrsrsprsprspprsrsprsprspprsprsprpprsprprpsprpprspsprrpprsrssrprpsrprpsprpsrprprprsprpsprsprrspprrprrsprsprprprpprspsrspsrprspprsrssrrsprsprpsprsprs,25936
h,44,sspspsprpsrpsprsprpsprpsrpsrpsprpsrpsprpsprsprpsrpsprpsrpsrpsrpsprpsrpsrpsrpsprpsrpsrpsrsrsprsprpsprsprpsrpsprpsrpsprpsrsprpsprpsrpsrpsrsrsrpsrpsprpsrpsprpsprpsrpsprpsprpsrsprpsrpsprpsprsprpsprpsprpsprpsprpsprpsprpsprprpsrpprpsrpsrpsrppsrpsprpsrpsprpsprpsrsprpsprprrprprprprprprprpspsppsprprppprpspsp,32985
h,45,rrsrprrssrssppppprpspsrssssrppsprpsrsspprrrrpsrsrrrrpsssrrrsssppspspssrprsrssrrsprsrsrrpsrsprppprrrsrrrssrrsprrsrspssrspssprssrspppssrprsprprspssrsrsrprrrpprprrssrrsssrspsspsppppprprrsrrsrrpppsssrsrpsprrssssprrsppprrrssssppprprssrppssrrpssspsrsrssrpsprrsrrsprsrrssppprrrssprrpssprsprprsspsspsrrsrrpsp,769
h,46,sprpsprsprpsrpsrpsprpsrppsrpsprsprpsrpsprsprprprprprprpsrppsrsrpsprsprsprpsprpsrpsprpsrpsprpsrpsprsprpsprpsrpsprpsprpsprpsrppsrpsprpsprpsrpsprpsprsprpsrsrpsprpsrpsprpprprprprpsprpsprsprpsprpsprpsprpsprpsprspprpsrpsprpsprpsrpsprpsprpsrppsprsprpsprsprpsprpsprpsprpsrpsprpsprpsrpsprpsprpsprspprsprpsrpsp,33166
h,47,rrrpspsrpprspsrpsrpsrpsprpspsprpsrprsprpssrpspsrpsprsprpsrpsrprpsprprsprpsrpsrpsrpspsrprpsrprsprpsprsprsprppprspsrpprspspsspsssrrpprpsrprsprprprprpsprpsrpspprpsrprpsprsprprprpsrprprppsrpsrpsrprsppppsrppsrprsprsrsrpprpsrprsprspprpsrppsrprprpsprprpsprpprrsprpprpsprpsrpsprprpsprpsrprspprpsrprsprpprprsp,10062
h,48,spprspsrprsprspsrpsrprprrsprpsrpssrprsprsprsprsprsprsprsprsprsprsprsprsprsprsprsprsprsprsprsprsprsprsprsprsprsprsprsprsprspprsprsprsprsprsprsprsprspprsprsprsprsprsprsprsprsprsprsprsprsprsprsprsprsprsprsprsprsprsprsprspprsprsprsprspsrprspsrprsprsprsprspprsrpsrpsrpsprpsprsprpsprsprpsprsprpsrpsprsprpsr,31749
m,49,rpsppsrsprrsrrrpppsssrpspsprrrsssssrrrpprssrpsprrrsrrprspsrssrsprrrppprsrrrssprrsppsssrspsprsrrprpprrpsrsprrrpprsrsrrsspsrsrrpsrrrpsspprssppprrprrpprpsrrrrrssrpsssppsrrspprrpssssrrrppppsrpprsrpprpsrrssrppssrsprsrssspsppsprrpsprsssssrpsspsrpsrspppsrrsppsrppsrrsssrppsrprrpsprprrprspssspsssrrsrrsrsprsp,360
h,50,psprpsrpsprspppsprpsppsrsrpsprsprpsprsprpsprpsprpsprpsprsprsprpsprpsrpsprpsrpssrrsrrsrpsprsprpsprpsprpsprpsrpsprpsprpsprpsprpsprpsrpsprpsprpsprpsrpsrpsprpsrpsrpsprpsprsprpsprppsrpsprpsrpsprpsprpsprprsprpsprpsprpsprsprpsprpsprpsprpsprpsrpsprpsprpsrpsprpsprpsprsprpsrprprprppsrspsrprprprprprprprppppppp,31651
h,51,rppsrpsprpprspprpppsprpspsrppsrpprppsrpprpprppsrpprpprsprprpspsrppprppprpprprprpsrprsprspprsppsrpprpprrspprsppsrprprpprpprsrprpprsprprpsppprprpprprpsrppsrpsprprrsprsppsrpprsprpprspprppppsrppsrpprspsrprppsrprspsrpprsprsprpspsrprprspprsprspprspprsprspprsprsprprpsprsprsprspprsprpprsprppprsppsrpprspprsp,883
m,52,ssrrprspsrrrsrssrprrsrprpssspprrrrspspprssrsppssssrpsrssrppssrsprpprsssrpsprrsrpsspsrsprrpprsrrsrpprsrrrprppsprrsrrpssprrprsssrrrsrpspsprsrrrprrrrsprpssspspssprrsssprsprpsspsspsrrpppsprrpprspppsrpspsssrsrprssrsrpsprprsrrsrrrrsprrrrrsrprprssprprrpppppprrsssrrrrpsrrssprsrpsppprrrppspspssrsssrrspprsrps,384
h,53,pspsrsrsprspsrsrssrrpspspspspspsspspspsrsprspspsprssrpsprsprprpsrpsprpsrpprprpsrsprprpssssssprpsrpsrprppprrrrrrrrpsrprpprspsppsprsprspprsprsprpsrpspprpspppsrpsppppsrssssrrrsrpsrpsprsprsprpspppsrsrsrsrrrrrrrsssspppsspspsppsprsrrsrsrsrsprsprpsppsrpsprpsprsprpsrpsprsprpsrpsprsprpspsprpsrpsprsprpsprsprs,12298
m,54,spsppssppsrpsrprppprpssrrrrsrsssssppssrprsrsrpssrsrrrspspprpsrprppssppsrsssssrrrsspsprrrpspsspssspsrpsrrpprrpssprrpsrsrsprssrrrprsppprssspppsrrprsspssppssspspspprsppsspprrpppprpsrssppsppprpsprspprrrrsprrpprrrppprprsprpssssssrrssspprpprprrrsprsrrpppsspsrsppprrrprsrpsrspsrprprpprrsprrprpsrpprrrrpsssps,562
h,55,srprpsrpsprpsrprsprpsprspsrpprspprspsrprspsrprsprspsrprsssssssssssssssssssssssssssssssssssssssssssssssssssssssssssssssssssssssssssssssssssssssssssssssssssssssssssssssprssprpsrpsrprpsrpsprpsrprsprpsprspsrpprspprspsrprspsrprsprspsrprsssssssssssssssssssssssssssssssssssssssssssssssssssssssssssssssssssss,30930
m,56,sssrprrspsssprssppspsssppsppsrsrrprssrpsssprsrprrssrrpsprrsssppssprppsssrssrpsrpspppprpssspspspppppssrpsrrrrspprrspprssprrrsprprrrprrppsrspsspprsrsrsrrrspsrsppssspprsprpsprpsrspppppspssrrssprrsrsrsrrrpppssrpsprprrpssssrrrssssrrssrssspprsrsrpssrsprrrppsrspspspssppspspspprpsspsrpprprrrpssprrsspprrrsss,384
m,57,prprprprrssssrprrprssprrsssrsssrsssrprsrrppsrpspprsrpspprppssrssrrrsrpspsrrrrpsprprsprprpprsrpsssssrspsprsprprsprpspsrrsrspsrsrsrrprrrpppssspprpsrppppppsspsrsrssspprprrrrprrrpsrppssrrppspprpppssrssrrrrsssspspssrsrpspsssprpssrppsrprssspspsrsprsprpprrsrssrprpsrssrrssrrspssrsrrpsprrprrprssrrrrsrpppsssr,313
m,58,sssspsrrprprpsrrpprprrpprspssprprsrpsrsprrsrpprrssspsrssprssrsrrrsrrrrsssrrrpppssrrspsrprrsprrssrsrprssrssprrrpprsrpsrppsppsprrrrprrrpsprrrppsrprpspsprsspssspsssrspssrrrpssprrsrpppspssppspsrsrsppssprsspppsrpspsprsppsprsssspssprpsrpprrspsrspssrspprrpsprrrssrrsrprprpprssspprppsrprspspppsrsrsrrrsrpssrp,270
m,59,prpsprpsprpsprpsprsprpspsppsprspprrprpsppsrpsrprsrpsrsprsssrpsrprprspsrprsprsrsrspsrpsrsprpsrprsppsrpsrprssrpprsrsprsrpsrsrsrspsrpsprsssssspsppsppppsrrpsprprrprssppspsrpppspssspsprsrsprsprsppsrsrsrpprspsrsrprspsrppsrsrppsprpsrsprpsrpspsppsppsspspsrprrrrrprrrrrrrssrsprsppsrpsrppsrpsprpsprpsrssssspspr,0
m,60,ssrprrrrrppssrsrpppsrspsrrrpsspprsssrssrpsrrrrrssprrrsrpsrspprrrsrrprrrsrprprrprprpssrpssrsprsrrsrsprsrrrprrsssssprsrsprppsrrrrsssssrrssspppspppssrrrrrrrrspsspsrrpprppsppsssrssspprrssssrsspppprsrrssrppprssspppsprprpprrrsspsspppspsrrsrpppsrpsrpspprprsrrpspsrprsrrppsrprsspprpsssssrsrrprpprprpprsrprsps,605
h,61,pspsrpsprpsrpsrpsrpsrpsrpsrprpsrprsprsprpsrspsrprpsrrsrspsrpsrsrpsrpsrpsrpsrprspsrprsssrprppsrprsrrsrpsrprrrrsprspsprpspsrpsrpsrpsrsprpsrppsrpsprpsrpsrprsprpsprsprpspsprrsprspsrpsrpprsprpssprprspspsrprsprsprsprspsrprsprsprsprrpsrrrsrspsrpsrsprsprsrpsrpspsrpsrpsprsprspsrpsrpsprsprpsrpsrpsrpsprprsrspr,27102
h,62,rsprsprsprsprsprsprsprsprsprsprsrpsrpsprspsrpsrspsrpsprprspprpsprsprpsprspsrpsrpspspsrpsrspsrspsrprpsrpsprsprpsprsprsprsprsprsprsprsprsprsprsprsrpsrpsprspsrpsrspsrpsprprspprpsprsprpsprspsrpsrpspspsrpsrspsrspsrprpsrpsprsprpsprsprsprsprsprsprsprsprsprsprsprsrpsrpsprspsrpsrspsrpsprprspprpsprsprpsprspsr,40354
h,63,rrrrrrrrpppppppppssssssssssssrrrpssssssssppppppppppprrrrrrrppprrrrspspssssssssrrrrrrrrrpssrpsrprspprsppppppppsssssrrrrrrrrrrrrrrrpsppssssssssssssssssssssssspppppppppppppppppppppppppprrrrrrrrrrrrrrrpppspppsssssssrpsrrrrrrrrrrrrrrrrrrrrrrrrrrrrrrrrrppppppppppppppppppppssssssssssssssprpsrspspspsssssppp,43391
m,64,rpsppssrsrsppprsrsrrpspssrspppprprspprrspppsprppssprsrpsssrspspsrssrpspsprppprppsrsrsssppspsrsprsprppsssrrpssrppsspsrssssrsrrppsppprrsspprsrprsssrsprssrspprrspsprspppssrsspsspsrsrppsrrrrppsrrsprrssspsssrspprrrppsrsrpssrpsrrprrsrrpsrprprsrspspsrsprprrrspprrrrppppsprrspsrpspspspsprsrpsssrspsprpsrprrrs,0
m,65,sprrsrsppsspspssrprprsppssrrsppppsppprspprspssrrrsprrrspprrpprrrrrrsspsprssrsprpsppspspspprppsprpssrprppsrsrrspspsspprppsrssrspssrppsprsppprrppsppspprspppprprsppprpsssssppsrrssrrrsrrrssspppprspsrsrssrrprrpsrprssrrprrrrrrssprrpssrpsppsrsrpsrprssspssrrssrrrrpssrssrprrsprprsssrrpsprrrrspsrpsrsprppssrpr,583
m,66,spssspsppsrsprprpprprprpspsrprsssssprprpppspprpprppprrrrrspssspsppsspsprpprppsprpsprpsspsssprpprppsssppprrrpsssprprprprpsssppppprprpprrrssssssrrrrrrrrrrrrrrrrrrrrrrrrrrrrpsprprpprrrrprrprpsrpsspsppspsrpsprpprrrprprrprprpspssrprrsprsprpsprpspprpspsrpspspssppspspsppspspsprprprprpspspsprprpspspssssrprp,78
m,67,rprssprpssssprppsrsrpsrpsssrpsrppprrprprrssppspprrsrpsrsrprsppsprrrrsrpsrrsprrssspspprrrrssprsprssrrrprpssrrrsppppsssrrspsppspssrssrrrprrrrsrrrssprpprprssppsrsrsrrrsrrprpsrrprppspspssprsprrprrssrprrssprprrpsrppprrppssprrrssrrprrsprprpsrpsssrpprssspprrrsspsprppprspppsssrprpppsssrprpsssppssprsspsssprr,650
m,68,rrsrpsprrspspppspssrrrppssrsrpsrprspsprrrpppppppprrrsssppppppspsrsrrsspppprsrsprprprpprpprrprrprrrrpsspsrprpsprsrpssppsrrsrsprpprpppssprsrsrrppprppsrrpprrpprpssrprprsrprprspppsspsprpprrprpsrpsppsppspsrrsppprprprpprrrsprrrrrspssrpppsspssrpsrrppsprrrpsrppsrprpprspprrsprsrprsrssssrrspsrppppppssspprrsrp,490
h,69,prspsrprspprsrpspsrprprpsrprsprpsppppppppppppprsprsprspsrprsprsprprspsrprspprsrpspsrprprpsrprsprpsppppppppppppprsprsprspsrprsprsprprspsrprspprsrpspsrprprpsrprsprpsppppppppppppprsprsprspsrprsprsprprspsrprspprsrpspsrprprpsrprsprpsppppppppppppprsprsprspsrprsprsprprspsrprspprsrpspsrprprpsrprsprpsppppppp,36842
m,70,spsrsppprspprrrrssssrrrrrssrprrpsrsrsppprrssprrspssspsppssssppsrsrspsrpsrpsspsrsrpprppsrprssppprprpsppppprpsppsrrpssrssprprspppsrprspppprpprrppsrpsspssssssrrssspprsrrrpprssrpssrsspppspsrsprsprprssssprrpsspspssrsrrrpppsprrspssrssprpsrssrprrppprprppssppsrrspsppprspsrssrspsrpspssrrprspsrrrpprsrppprprrs,606
h,71,psrspsrspsrsrsrspsrsrsrsrsrprprprrsrsprprprprprsrsrsrsrsrsrsrspsrsprprprrsrsprprprprprsrsrsrsrrrprrsprrsrspsrsrsrsrsrsrpsrspsrspsrsrspsrsrspsrspsrspsrsrsrspsrsrsrsrsrprprprrsrsprprprprprsrsrsrsrsrsrsrspsrsprprprrsrsprprprprprsrsrsrsrrrprrsprrsrspsrsrsrsrsrsrpsrspsrspsrsrspsrsrspsrspsrspsrsrsrspsrsrs,9797
h,72,prprpspsppsprprsprprpsprspprprsprprprspsrprpsrpsrprspsrppsrprpsrpsrprspsrprpsrpspspssssppprprspspspspspsrprspsrprspsrprpsrprsprpsrprprsprpsprsprpsprpsprpsprpsprpsrprspprssssprpprssprprssprsprpsrpsrppsrsrppsrprsprsprspsrpspsppspspspspsppsprrrrrrrrspprspsrpsrprspsrpsrpsprsprprpsrpspspsrppspspsprprprrr,14534
h,73,rsprsrpsprpsrpsrpsprsprpsrpsprsprpsrpspprppprppprpspsppspspssppsrpprsprpsrpsprprprpsprpsrpsprprprprsprpprprprpprppspsrprsssrrpprprrpsrprsprsprpsrpsprsprpsrpspprpsrpsprpsrpsprsprpsrpsprpsrpsprsprpsprsprpsrpsprsprpsprsprpsrpsprsprpsprsprpsrpsprpsprsprsprpsrpsrpsprpspsprsprsprpsprsprpsrpsprpsrpsppspsss,15811
m,74,rrrsrpprrrppprpsppsprprpspssprsrprsrrpsprppssrpspsrrrprrrsssrpspprpsspsssrsprrpppssrpppprsrrssrpsrrspppssrpprssprssrsssssspprprsssrppprrpssprrsrrrrssssrsprpsprrsrpppspsppspprrrspsssrrsprppsrssrpppssprsppsssrprrrprrrrprssprrspppsrppsrsssprrsrrpprsppprrrssprrrpsprprrssrsprrppsrspppsspsprpprsssrrpspsrp,562
m,75,ppsppssssrssrsrrspsppspsprpssrrrsprppprprprprprssssrsrsrssrrpprppprrrppspspsprpprprsprpsrprppsrpsprpsrprsrpprpsrpssrrrspppspsprprprpspsppspspppsppssssrssrsrrspsppspsprpssrrrsprppprprprprprssssrsrsrssrrpprppprrrppspspsprpprprsprpsrprppsrpsprpsrprsrpprpsrpssrrrspppspsprprprpspsppspspppsppssssrssrsrrsp,270
h,76,ppppppsppspsprsprpsrpsrpsprsprpsprsprpsrpsprspprppspsppspsprprprprprprprpsprsprsprsprpsrpsprsprpsrprprprpsprsprpspppppspppppsprpsrpsprsprsprsprpsrpspppsppsrpsprpsrpsrsprpsrpsprppsrpsprpsprprpsrppsprpsprsprpsprpspppsppsprrprprpsppspsprpppppprsprpsprsrpppprppsprprpsrpsprpsrpspspppspprrpsprsprppspppppp,23894
h,77,spspspspspsprprprprprprprpspssrsrsrsrsrsrsrsrsrsrsrsrsrsrsrprprprprpsrpsprsprpsprsprpsprsprpsprsrpsprsprpsppspspspspspsprprprprprprrpspprpsprsprpsrpsprpsprsprpspspspspsprprsrsrsrsrsrsrsrsrsrsrsrsrppspspspspspspsprsprpsprpsrpsprpsprsprpsprsprsprpsprpsprpsrpsprspsrpsprsprpsrsprpsprsppspspspsppspspspsp,40945
m,78,psprsprprsprsprsprpsprpsrrpsprsprsprsprsprspsrpsprsprspsprprprspsrprsprsprpsrpsrpsrpsrpsspspsrprprprprspspsprrsrsrprsprspspspspsprprprrpppprrsssspspspspsprrrrppspspspspspspprpsprppsrsprsprpsrrprsprspsrpprsprspsrpsrprsprsprsprpsrpsrpsrsrpsprpssprprsprprsprsprpprpsprpsprpsprpprpsrpprsprprspsrprsprpsps,0
m,79,rprrrspspssrpsrsssprpssrsrprrppssrssrrspppprprpprprprrrpsprrsrsprrrsrrrrpprpssprprsrrprrspprrpssspsrpprsspssrsrpssrrrprpsrrprprspspspsrsrsssrrrrppsrssrrspsppprprrrprrrrrprprsrsrrrrrprspssssssrprsppprpprsrrrpprprsssrsssrpsrspsrsrppprssspsssppprrprppspprpspprspsrprpsspsppssrrrpprppppsppppsprspprrrrrrp,291
m,80,rrpprrrpsppppprspsprsrssssspspsrspsrpsrsrsppssrprsrsspsrprprsrrprrsssrrsrprrspprpsppsssrppppsprrssrrrrprrrsssprsrspssprpsrspppprspssssrsssspppspsrrsrpsssprrrrprsrprsrpsrsppsrprsrprrppsrssrsspsspsrrsrprpsprprssrrpppsrpppsrssppprsrrpsspsrspsprsrrpsrsrpsrsrsrrspprprppprprrspsssssppprrrprsssrsrprrpssppr,0
m,81,pssrppssssprrsprrpprspsrsrrrrsprrspssssrrrspprrssrpsprpsssrrprpsrsrrrpprrppsrrprpsrrspppppsrrprsrppsrsrpspsssrpssrssrssrpsrsrsrrpssppsppspsrpsrrpssrprrrspsrspsrsprrrrsppsssrsrssrssprrrrprrprpsrssrrrpsrspsspprsppsppssssspsrrppsrppppppssrpprprsrsrsprrssppspssrsrsrrssspsrsrrsspsspsrspspppsrprrprpppsprp,562
m,82,ppsrpprrppsprsrppssrpppppsssrsrprpsprrpsrrprrprsrpsrsrsppsrpprprsprpprrpsrprrpspsprpprpprsppsrrsrsspprrrssrsrrrrsrsrprpsprspsrprrsprrpssrprrpsrsrrpprprspppppppsssppssprspprssprrpsrrspsssrpssrprsprsrrsssrpprrpsrprrrsprssppsrsrpprrrrrrprrsppprsssspssspssrrpsprsrprrprsprrrrssrsrrrrrprrsprppsppprprsrpps,630
m,83,prsprsrrsprrrrspsssrprrprppsprsssspppsrprprrrsrrsppprrrsrsssrppsrssrprrprpsrsspsrrprpsrpprsrrspssrspppssrrpprrppppprsspssrrrspprsssprprsssspsrrsrppprrprpspspppspprprprsrpsppsssrrsrppsssrsprsssprpssrspsrrpsrssrspsssrrspsssprrrsrrrrrprsspsrrsprsrppsrprrspprsrspppprsppppspssprprrpppprprsssprrrsrrrpprss,270
m,84,prrppspssspspprrrrppspsspsspsrpsppsrsrsprsppprpprsrpsrprspppsprsrrsspprsppppsrrrpsprsrpppppssrsrpsrsrprpsrrrssrrssssrsrprrpspspspssppsppsrsprrsrsrpssrrpppsspprpssprprsrrprrsprsrrprsssrrsspprsrprprrrrppsrrsppsrsrssprrsrrpsspsssrsrpsrrspppppsprrsrrrpsprpppprrssrrrsrsrspsrssrsrprsrsssprprpssrrsrrppsrrp,291
h,85,prssprrpssprsprpsrpsrpsrpsrpsrsprpsrpsrprspsrpsrprspsrpspsrprsrpsprsprprprsprsprprprprssrpsrpsrpsrpspsrpsrpsrpspppsprsprsprsprpsrpsrsprprpsrpspsppsrpsprprsppspsspsprrspsprsprsprpsprsprpsrpsprpsrpsprpspsrpsrprsprrpsprpspprppsprpsppsprpsprsppsrpprsprpsprspprspprpsrpsprpspsprpspprprpsprprsprprpspprspsp,9797
m,86,psrrpsprsrsrrprspprspssssrrsrrrssprprsspprrrppspssrrpprspsssrpssrprspsrrrpsppsrrrsppspssrprrrprpppsppssppspsssrsppsrpprspspprrsrrsppspsrrssssrsrrrrrprprprsppprprpprprrrrssprpsprssssrrpppprsprspsrprsspspspprspsspprsppsprsppppprrrrssrrpsprsssppsrrrrpsssprsrrsssrrrrsppsrrsssppprsppspppppsssspsrrsrpprrp,650
h,87,rpsrpsprsprpsprsprsprpsprsprpsrpsprsprpsprpsprpsrpsprsprpspsrpsprprsprpsprpsprpprpsprprprprpspprpsprppsprpsrpsrpsprpsprpsrpspprpsrpsprpsrpspprprsprsprpsppsprpsprprprpsprsprpsprsprpsrpspsprpsprpsrprspsprpsprpsprsprsprpsprsprpsrpspprsprsprsprsprpsrpsprpsrpsprpsrpsprpsrpsrprspprsprsrpsprpspsprpsprspspr,7905
h,88,rpsprpsprprsprpsprprpprpsrpprsprprsppsrprpsrpsprpsrpsrprsprpsprspsrpsrpsrpsrpsprpsrpsrpsrpprspsrpsrprsppsrpsrpsrpsrpsrpprsprspsrprspsrpsrppsrpsrprsppsrpsrprspsrpsrpprspsrpsrpsrppsrpsrpsrppsrpsrpsrppsrpsrpsrpsrpprsprspsrprspsrprsprpsprspsrpsrppsrprprsppsrpsrpsrpsrpsrpprspprprpprsrrrrrrrrrrrrrrrrrrrrr,23270
h,89,rprspsprrpsprsprsprsprprrrrsprpsrpspsrpsrpsrpsrpsprsprpsrpsrpsprpsrpsprsprpsrpsprpsrprrpsprpsrprprprpsprsspsrprpsprpsrpsprpsprpsrpsprprsprspsprspprprsrpsspsrpsprpsrpsprpsrpsprpsprpsprsprpsprpsprpsrpsprpsprprpsprpsprsprrpprssrpsrprsprspsrprppsrpsprspsrprsprpsprspprspsrpsprpsprpsrpsrprpsprpsrprprpsrpr,20282
m,90,psppprsrprpssrprsprpprppprrpsrssprrprpspsrppsssprrsrsrsprppprprrsrrsssrspsspspppppssssrrrrppspssppppspsrssrssrsrsrssprprrrsssprprssrsssrrrsrpspssrspsrrppprrrsrrrpspsspppssrsrsrrsrrssprsrrpppprprrpspprsrprpsppsspsrsrprrpsprspsssprpsprprpspsspspppprssssrrrpsrsrpssrsrsssrsrspsssprrpspssrrpspppppsrppspr,291
m,91,ppppsspsrrsrrpssrspsrpsrssspsppssspspppsprrpsprrrpsrrpprprsppsrpsrspprpsrprsrpssspsrprsprrspsssrprrsrrrrppsrpprsrssrspsprrsspsprsrppsrrrsprsrrsrpsrrpspprrrrsrprprpspsrrprprspspprprssrssrpprpssprspsrprpssppprpppppspprrsprrprrprrpssrrprrpsprsrrrspspsrspsssspsspprrppsrsssprrrsspsssrrsrssrspprsssppssrrp,291
h,92,sprspsprpsprsrpsprsprsprsprpsrpsprpsrpsprsprpsprsprpsprpsrpsprsprspprsprpspsprsprpsrpsprsprsprpsrpsprpspsprsprpsrpsprspprspprpsprsprsprpsprspprsprpsprsprpsprsprpsprpsrpsprsprpsprsprpsprsprpsprsprpsprspprsprpsprspprsprpsprpsprsprpsprpsppsrpsprsprpsprspprsprpsprsprpsprsrpsrsprsprsprpsrpsprsprspsprpspr,43803
h,93,prsrprpsrsrpspsrsrrsppsspssrrpsprppsrrpsrspsrrsrsssrrspprrrpprrpppsrpspspprprrprrpspssrsrpsprsrrrpssrrpprrsrrsprpsspsprssrrpspppspprsrpppprsppsrpprsprpspprrsrssrspssprssssrspsrrsspsspsssrrssrrrrsssspprrrssrrpprrprpprrppssprrpppspsprssrspssssrrpprspprprrssrsssrssrrrsssssrpprpsrpspprrrpprprpprrsrrspsp,651
m,94,prsprpsprpsrpsprsprpsprpsrpsrpsprpsrpsrpsprpsrpsprpsrprprprprsprprprprprprprprprpprpsprpsprpsppppsprprprprpspsprprprpspsprprprpspsprprpsprprpsprprprprprpspsrpprpsprspsrsrsprsrpsrpsrpsrpsrsprsrpsrsprsprsprsprpsrpsrpsprsprsprpsrpsprpsprsprpsrpsrpsprsprpsrpsrpsprsprpsrpsprsprpsrpsrpsprsprpsrpsrpsrprpsp,0
h,95,srrsrrsssppsppprprprprrrsssrsrrsppppprrrrrrsssrpspspspspsrsrsrsrsspspspprprpppssrsrrsssssssppprpprprrrrpppppspsppsprrsrpsprpprpsppsprpprrpsrrsrrssssspppspspprrppprrrrrrrrrpppsssrssrpspprsrppprprprrssrpprppsssrrrrrssppspsppsprprrprrpppppsssssrrrrrssppspspprrrpsprpprppssrsrrsrrsssppsppprprprprrrsssrsr,8595
h,96,srprsprsprsrpsprspprsprpspprpsrpprsprpsrprsprsprsrpsprspprsprpspprpsrpprsprpsrprsprsprsrpsprspprsprpspprpsrpprsprpsrprsprsprsrpsprspprsprpspprpsrpprsprpsrprsprsprsrpsprspprsprpspprpsrpprsprpsrprsprsprsrpsprspprsprpspprpsrpprsprpsrprsprsprsrpsprspprsprpspprpsrpprsprpsrprsprsprsrpsprspprsprpspprpsrppr,45310
h,97,rprpsrprprprprprprprprprprprprpsrprprprprprprprprprprprprpsrprprprprprprprprprprprprpsrprprprprprprprprprprprprpsrprprprprprprprprprprprprpsrprprprprprprprprprprprprpsrprprprprprprprprprprprprpsrprprprprprprprprprprprprpsrprprprprprprprprprprprprpsrprprprprprprprprprprprprpsrprprprprprprprprprprprpr,51285
m,98,rprpsrprsppprsrppsrssrpspprssrsrprrrprssrrrppsrrprrppppppsrrrpppssspsrrppspprpssspsrpsrspssssssrrrpsrrrpssrpspprppsprspsssspssrrrsppsspssrrsrrsprrprppsrsrrrpsspsrrppsprspssppppsrrrssrpsrsssrppspspspsppppprpsrpppppsprsrrsrrsppsprrsprrssrrpprsrrpsprrrpprrsrrsrsssrsrsrsppsspsppprpsrpsrrrsrrpprprrsprprs,605
h,99,srpsrpsprsprpsrpsprsprpsprpsrpprpsppsrsrrrrppppppspspspppsspprrppsprsprpsrpsprsprpsrpsrpsprpsprpssrpsprpsrpsprpsprprsprsprsprsprsrsprsprsprsprsprsprspprsprsprsprsprsprsprsprsprsprsprsprsprsprsprsprsprsprsprsprsprsprsprsprrprprprprpprprprprprprpprprprrprpppssspsspsprprprpprpsprpsprsprsprpsrpsrpsprspr,16970
m,100,rrsrrpprsppssprsrrsrrrrsrsspprprsrpssrpsrrprpsrspssspprpssrprrsrpprrpsprpspprsrprssrpsrrsrssprrrsspppsrsrpprssrsrpppsprprrpsrspprssprrrppsssssrssppsprspsrpsppssrprprsrspsrrssrrpssspspprprrrrprssrrrspsrsrsrprrrrrpsrrrrrspprrrrrrrspsrprsrrrpsspsprssspspsrsssrsrrrpspprsrrrrssrpsssrrsppppssrpsrprspsssrs,336
h,101,sprprprprpsprprpsprpsprpspsrsrsrspsrprpspspspspspsrsrsprprprprprprprprprppspspspspprpsprpsprprprprprprppspsspspsppssrsrsrsrsrsrsspspspspsppspsprprprpsprpsprpsprpsrprppsprprsppspsrpsprpsprpsprpprprprprprprprpspspppppspspsprprpsprprprpsprpsprpsprpsprprprprprprppsprprprprprprprprprprprprprprprprprprpps,30618
m,102,srsrspsprsprrppppsrspppprsprsrsrsppprsrrspsrprppsppsspsppssrrspsssprprrprrpsrrrrspprppprspprspsprsrsprssrrpprrssrsppspssrrppppprrrppppprppsrsssprrprrsssrsppsssrssrrppprsrsspspprrsrrsrrrssprsrsrprppsprrpsrrsprprsrpppprprpsssrsppssprrsrppspsppprsspsrpprsrprssssppsrppsrrppppsprrrssrspsspssrspprsspspprs,462
m,103,srspsprsssprsrsprsrsprppsprprppsssrpsrrprprpsspssprrrpsssprrpsppsrpsrssrspsspsssrrrsrspsssrpssrrrrpssprpprrrssrpsssrpspsrssrrsrrsppsprrrpprssrsrrprpprsrsrprprspsssrppssrspsrrrrpsprrrpsrsrprpssrrpsrprpsrrppsrppprsssssprspprsrprrpsrppsrppssrprrpsppsrprrsrsrrrsprssrrrrprrrsrsrrrpsrprpsssrpspsssppprrprp,0
h,104,sprpsrpsprpsrppsrpsprpsrpsrpsrpsprsprpsrpsrpsrpsprsprpsrpsrpsprpsrpsprsprpsrppsprpsrpsrpsrpspspsrprpsrpsprsprpsrprprpsrpsprpsrprprpsrpsprsprrpsrprpsrpsprpspspspsrpsprsprpsrpsprpprsprpsprpsprpsprrpsprpsprpsppsrpsprpsrpsprpsprpsrpsrpsprpsrpsprrpsprpsprpsprpsprprprpsprpspspsprprprprrsrsprpsrprsprpsprpr,33102
m,105,sssprsssrsrrrssspppssrsprsrsrspsrsrrpspsrssrrrssrsrpspssspppspssrsrrsrrprrrspprrssrssrpssrspprsprpppprspsrsrrrpssrspprrpsrsprrsspppssppssssssprpspsrrrssrsprprprrrsppssprprspsrssssrprrspspssppsprpprrppssrrrsppsppspppsprspssrsrprssspprspsssspspprprrspspppsppprsssppsspspsrpsrsssrrsrprssssrsprspprsrprrr,409
m,106,prssspspspspsprppsrrprsprsprsprpssppsrspppspspssrrpspsssppsprrsssspsssprrrprprpprsprsrrrprrrppsrpprrsssssrpsspsrrrpsspsspprrprrpsrsrprssrrssppsprsprsrrsrrrpssrspsrrppppsrsrrrrrrpspspprpppsprprrssrpsrssspsspppssrspprrppssrppsrssprrsrsspsrrrrppprrprrpprrspspsspsrrsrrprsrssrsppsrrrpprrsprsprrsrpsrprssp,360
m,107,prsssrrssrrspsrprrpssrrrssrsrspssrrsspsppspsrppssprrrrrrrrrsssrrsspprpsspprsssprsrrpsppprppsrrprsppsrrsssrrsssprrprprspsprpppssspssrpprpsrrrpsrprrprprprrrsrrrssprrrpssssprpsprrrssppspsprsrppsppprppprsrrrppppsrrpsspprpsrpprsprrssssppsrsppsrrrsrppsrpppsrrrrsrsrpppsprpspspsspprpssprprpspppsssrpsrsrrprr,336
h,108,sprrppprprppsppsrsppsprpssrrprrsrrsprssssprrrrprsspsprsrrsrppsspssssrssrrspsrrpsppprrprrsrrsssssrssrrrrprrpsrrsrpppspssssrppspppsrsssprrprrrpprppprsrrrsprpsprspprrsrprrpppssssssspsrrrpssssprrpsrssspssrrppprrrrppsprrspprrsspssprpsrrspprprrprrssrrpprprssprssprppsrrsrprspssprrpppssssprrrspspppsrssssssr,899
m,109,rssrsrsrprrssrsrsssrprrpsssprprrpsrrsrsrsrsrrsprssprppsprrrspppsrppsppsssrrssppsrprsrspprsprsprprprppsssrppsppsrprsspprspprprprsrrsprrppsprsppprrrprsprsprpspprpsssrppprrsprprrssrrpssrrspsprsprrprppsrprsrssrpsrprsprprrrrrpsrppssrpssspsrsprrprspssssrsrsrspsrprppspspprsrssrsprspprrssrrprssprsrrpspspprp,0
h,110,srssrrsrrsrsrsrsrsrrrsrsrsrsrrsrssrsrsrssrssrssrrssrsrsrsrsrsrsrsrsrsrrssssrssrrssrssrsrsrsrsrsrsrsrsrsrsrsrsrsrsrsrssrsrssrsrsrsrsrrsrssrsrsrrsrsrrsrrrrrrrsrssrssrrssrssssrsrsrsrsrsrrsrsrsrsrsrsrsrssrsrrsrssrsrsrsrsrsrsrsrsrsrsrsrsrssrsrsrsrssrsrsrrsrsrrrssrsrsrssrsrsrssrsrsrsrsrsrsrssrsrsrrsrsrrsr,34583
m,111,rrsprprsppsrprpsrprsprprsprprsprpsrpsprpsrppsrprsprpsrprpsprpsrprsrpsrpprsprpsrprprpsrprpsprsprprpsprsprpsrpsprpsrpsprpsprpsrpsprpsrpsprprsprssrpprsrpsprpsrpsrrspprsprsprpspsrprsrprpsprppprsprpsrrrrrspsrpprpsprprprpsppsrprpsprpprprrprprprsppspspspsrprprpsrpsprprpprspprrsprprsppsrprpsrprsprprsprprspr,0
m,112,pprppsprssssrsspsppppprpssssprrsssrpprppsprrsrpsprrsrspsssprssprrspsrpsprrsrrsrrsppspssrrrsssrpppsrpprrsrssrrprssspsprrpsrppsrrrprspprsppprrpsssrrpsrrprrrsssrsspsprsspsppspsppspspsprpsprssrrprrrssrsrsprsrspsprssppssrpssrsppsssrppspsssrppspssrppsrsppprprprpsrrpppppprssssrrsprsrpspprrrrrppppsrrsrpprrp,562
h,113,rsrssppspsrsrsrsrspsppsrsrsspppppppprsrsrsrsrsrsrssrrspppsrsrsrsrrsrsspspspspssrsrsrrssrrssspspsppspssrsrsrrssrsrsrsrrsspspprprpprppsprpsprpspprpppsppppprppppprpsprpppprssprrrpsppsprpsrrrrrsssppppprpspprpprpppprrrspprppppspprpppsspprprprppssprpsprppsprprpsprpppspsprprrppspsprpspprprppsprpprprppppppr,705
m,114,pprssrsrrprsrrppssrprprrrprsrsssppsrpsssspsssppprprpsprppprspprrrsrrrrrprrpspprsrsppsrsppprrrpsrsrrpsppppsrsprrsprsrprpsrrrsppspspprrsrsrpsrrprsrpsrprprpppprpsprssrrssppsprppprssrsrpsprpprsrssrprprpspsrprpppsrrrpprsprssrrrsrpppsrspssrspspsprrsppsrpprspppsrsspsrppsrpsppsppsrrspssrspprssssrpsrrprrsrss,313
m,115,ppsrsssrsrprsprprrsrrppsrsspsssspsrsrrrsrssspppprprprrsrrpsppppspsrsprssrrpsrprrssppspsrrprpppspsrsrrsssrsrssrpsprssrsrssspsprsssspprsrprrrssrspsspsrsprpssrssrprsrsspsspppppsspsrrrsppprprpsprsrppsrpsrprsprssssrrprspsrsrprrspsprrppppssppspprpsrppprsrssppprprrprsspsrsrpsrrsssrspsprsprsrspspsrpprrrrrrr,270
m,116,rssrpsssrpsprssrrrsssrsrspsppsrrprrprprspprprrrsprpprsrsppprsrpppsrrrspprrpppprrrsppprrrrssrrrprsspsprprprrrspsrrpsrprppprsrsprpsrrppssppprrrrrpsspppprpsspprrsrrsspssrpspssprrprssrrssrrrpssprsrsrsrspppsprsrpsrrrspsrpsprrrssrprprrrsrrrssrsrppsrpssrrrprrpprsrsrrrrpppprprspspprpsprrspprrsrpsssppsrrsprp,384
