m,0,sppsrssrsrsrssrprprssrpssssrpppssprrrppssrssrrsrprrprsrrsprsssrpsprprrprssspssprsrsrprrrsssrspsspprsspsssrrrpprrrpsprrpsrrrrpprrpsprrsrrrrspppsppsrprrrrrrrssrspspsrrpsrrsrsprpssrpsprsprrrrrsprrsspspsrpspspsprrrpprprsprsrsrppppspprprpprrpprpsssprpsprsrrpsrprssssprrrrprpssrsssppsppsrpsrrrrssrpssppsssr,68
m,1,rrsrspsrrssrsrrssrrprprsppspsssprrrspsspsssppsrsprprrrrpssrpspsppsprrrrprpprpssssrpsppspsrspsrprprpsssrrsspspsrpppprsrsrsrspsrrsspspprrsrrssrprppsrpspspsrsrpssprprsprsssprrsppspsprpsrrrrpsspppsrsrprspppsrssppsrpsrsspppppsrrrssprrrrrsrsprprsrrssspssssrrpsrprsssprsssspssrsrrssrspsprrrppppssspssprrprsp,68
m,2,rspprsprppprsprsrpprsprppsrpprprpprpprpsrpspprpprpprrprppprprppspsrpprprpsprpsprprpprspprsprsprppsrprspprsprpsprpprpspppppspppprpprpsprprprspprsprpprprprprpprprsprrspprprspprsprpspprrspprprsspprpsrprspprspprpsrpprprsprspprspprpsprpsrpsprpsrpprppprsppprsppsrprprspprsprsprspprprsprpprpprsprprsprpsprpr,68
m,3,prprssspspsssrpsrsrrsprrsrrrrrrprrppsrsrprsssprsrpsrrprspprrsrpssssrsrspsppprssrppssspsrrrsrpsrprpsppsprrrsrrsprsrprprpsppsrrrprprsrpprsprrrrprrrprrsspsspspprrpsrrrpprrpsrsssspsrsrsprprpppsssrsssprspsrprsspspsppppppprrrpssrrrprrrssrssrprpspppsrsspsrprrprsrsrppprprspsppsssrsrsssprppprssrppsssrprprrpp,70
m,4,prpsprpspsrsrssrsrrspsprppsrpsrprppsprppsprpspsprppspssrpspprpsprpspssrsprsssprpsppsrppspppsprpsrspsrrrsrsrrrrsrpprpsrprpsrpsppprsppppppsrsrsrsrssssrppsprssrpspspsppprrspprrsprssrpsprprprspprrpspspssprprpspsrpspssssrpsppprpsprpsppsrpspprpprppsprpprppsprppsppprsrsrsrprprpspprprsprppsprpsprsprpsprsrpr,72
m,5,srprpsrsprpsprprsprpsprssprsprrprpssrprppprrrspsrprspsrpsrpsrprspsrpsrpprsprspsrpsrpsrpsrpprspsrprspsrpsrpsrppsrpsrpsrpsrpsrpsprpsrprpsprpsprpsrpspspspspsprprpprpsrpsppsrprsprppsrpsrpsrprpsprprspsrppsrpsrpsrprsprpsrpsrpsrprpsrsprpsprprsprpsprssprsprrprpssrprppprrrspsrprspsrpsrpsrprspsrpsrpprsprspsrp,72
m,6,psprsprpsrpsprpsrpsprsprpsrpsprpsrpsprpsrpsrpsprpsrpspsrpsrpspspsrppsprpsprpsrppssrprpspsprpsrpsprprpsrsprsprpsprpsprsprpsrpsprrpsprpsprpsprrpsrpprrpspsprsprspsprpsrpsprpsprsprsprpsprsprsprpssprsprpsprsprpsprpsrpsprsprpsprsprsprpsrpsrpsprsprpspsrpsprpsprpsprsprpsprprprsprpsprsprpsprpsprspprpsrpsprps,74
m,7,sspsrpprspprrrpprrrpsrrrrprrrsprrsrpsrpspsrrrsssrspsrssspprrpsrprrrrprsrpssprrrrprsrrsssssrpssssrprpprpprprssspprspspprrrsrsrsrsspsprrssrrrspppsrppsprssssssprrprrrsrpsrppppsprspsppssppsspsrsssprsrrrppprspsrprprrppprsrssssrssssrrrpsspppsprrprspsrpsrpprprrprsrrppsppsspsrpprsrpprrrrrrpprppprspppsssppsp,74
m,8,srprsprsprspsrprsprsprpprsprsprsprsprpsprsprsprspprpsrpprsprsprpsrprpsrprpsrprpsrprsprsprsprpsrprpsrpsrprsprsprpspsrpsrprsprspsrprsprsprsprspsrprpsrprsprpsrprprppsprsprprsprspsrprpspsrpprpsrpsrprsppsrpsprpsprpssprpspprpspprpsrpppsprpsprprssrpprspsprpprpspprpsrppsrprpsppsppsprpsprprspsprpsrprspprsprp,74
m,9,rsprpspspprpsppspprpsrppsrprsprpspsrpsrpsrprsppprpppspprprspsprprspsrppsrprsprspsrppsrpsrpsrpsrppsrpsrpsrprsprsppsrpsrppsrprsprspsrppsrprspsrpsprprpsprpsppppprpspsprprpspprspsppspsrprppsrprsppsrpsprprspsrprsppspsrpsrpprspsrppsrpsrpsrpsrprsprsprsppsrprsprspprspsrprspsprpsrspsrppsrpsrprspsrpsrprsprspr,74
m,10,rpsrpsrpprsprspsrprspsrpsrpsrpsrpsrpsrpsrpsrpsrpsrpsrpsrpsrpsrprsprspsrpsrpsrpsrprspsrprspsrpprsprsprpspsrpprsprsprsprsprsprsprsppsrprprpsrprspsrpsrpprspsrprspsrpsppsrpsrprpsrprsprspsrpsrpsrpsrpsrpsrpsrprsprspsrpsrpsrprsprsprsprsprsprsprsppppppppsrssrsrrssrprppprsssssrsrrpsrprspsrpsprpsrpsrprpsrpsrp,74
m,11,rsrrprrrpssrrrprsssprsrrpprprssrprsrsprpspprpprpprsssssrssspppprppprsprsrprppsppspsrrrsrspssprssrprssrsrrpspssprrsspppsprrsrprspssrpssrsrpppprpsrprpsspspssssprsprrssrrsprpsprprsrprsprrrspsrsrrsrppprsrsrsprrsrrsrprppppsrssrsrrpspssppsppprsrrsrrppssssssrsprprrrpssrpppsssspsrrppprpsrpsrpsrssssppppprsrp,74
m,12,srppsprsrrspsppsrrsrrssprsrpsrprsrrsrrpsrrrrrsprsppppssspsrsrsrsssrssssssrspspppprpppprrrrssprrrspsssrpsssssspspssrppprspsssprrsprsrprsrpsrrrssrsrppssrpsrspsrprprsprpprrsrpppssrrssrpsprrrsrprrspppssrprsprrprpspsssssrrsppssspspsrrssspspppprspprsrppppprprprrsrsprprrrpprsrpssrspprspsrssssrpspprpspsppss,76
m,13,ssrsprsrsppspssppsspspspsrpssssppppsrrpsssrssrrssrpprsrprspprrrppprsssppprprpppprsrssrprpsspssrrppsprspsssspsrsrpspspspppsssrrsrppspsrsrrsssrssprprrrsrrsppsrrppssrrrrsprpspppssrsrsrppsppprrrsrspppsrsppsrsrsrsprsssppsrssrsrsssprrrprpssrrrrrspsppprrprsprsprssrspsssspsppsrrpppssprpsspppsrsspprprrrsrpsr,76
m,14,pssrrrrpspprsprrprspsssrpssprssppspsppprrpsspprrspssprrrrspppsrpssprrssrsrrpspprsspsrrpssppsrpprpsspsrrppssrspspsprprsspsprrrprppsprppsrsssrrprssrspsrpsspprrrssprpsrpssrsrsrrsrssppsprrprpsrrprrpsssprpsspsprssppsssrprrsprppprprsrrppprspprsrsprrsrrssrrssrrssrpprrpspsssrrprssrsssspsrssrsppsrppppspssppp,76
m,15,pssrprrsspprsrpsrrsssrsspspsspsprprrsrsprppppppsrsssprrpspsrsssrrrprssprrsprrpsrssrsppppssssspsspprrsspppspspprrrrrrsrrpprppssrrprrsprrpspprpsrssrsssspprprsrrprssssrrssprsspssrrsspprspssspssrrpsprsssrrspssrrsrspsppppsrrrprrspsprspssppsrrprrrsppsppprprrsrrspprspspssrsrsrrpssrrsspsssprsrsrrsrspssrsspr,76
m,16,rrrrrrrrrrrrrrrrrrrrrrrrrrrrrrrrrrrrrrrrrrrrrrrrrrrrrrrrrrrrrrrrrrrrrrrrrrrrrrrrrrrrrrrrrrrrrrrrrrrrrrrrrrrrrrrrrrrrrrrrrrrrrrrrrrrrrrrrrrrrrrrrrrrrrrrrrrrrrrrrrrrrrrrrrrrrrrrrrrrrrrrrrrrrrrrrrrrrrrrrrrrrrrrrrrrrrrrrrrrrrrrrrrrrrrrrrrrrrrrrrrrrrrrrrrrrrrrrrrrrrrrrrrrrrrrrrrrrrrrrrrrrrrrrrrrrrrrrrrrr,76
m,17,ppsprpssrprpprssssprprpppprsrrsprspssppssrppsrrprsssrrspssrpsssrrpprpspprssrpsrrsprrrrppsrspprrrrrprssspppsprspsrpprpssrspspprpppssrsssspssprprpspprssrpprrrspsprpprprspprsrsrsrprsrsssssrrppprrppppsrssppssrsprrrrrpsssrpspsppprpprsrprpsrrspprsprrsrrsrsprpprrrrrssrsprrrpsrsspprsssrsprrsprsrrprrspssrpss,76
m,18,rpsrprpsrprpsrpsprprpsspprprpspsrprrsssrprpspsrpsrpsrpsprsprspsrprsprspsrpsprspsprsprspsrpsrpsrpsprspsrprprspspsrprprspsrprpssrprpsprpsrpspsrprpspsprprprpspssspspppprspsrprrprsprsprpsrprsrprpsrpsrprpsrprpsrpsprprpsspprprpspsrprrsssrprpspsrpsrpsrpsprsprspsrprsprspsrpsprspsprsprspsrpsrpsrpsprspsrprprs,76
m,19,rsppprspppsprsppssrppsprppppspppsrprsrssprprsprssrprpssrssprpprrpppsrsrpsspspsrrrpsprrssspprpprrrrrprrsrprrsssrsrppssprrssrprprprpsrprpspsrsrpprsrprpprsprsrrsrssspsssrpssrprsppppprrssprprppsrrsprrspprsprrspppssssspsrprprsrsrrsrrpprrssrpssrppssppprpsrrrprssrpprprrsppsrsrrprrsrppprrppsrrpprrprsssrsrpp,78
m,20,sprprssrrppppsrrrsprsrpsrspprsppssprprspprssprprsprsprssssprppppspprrpsrprsrrrpsspsssppspppsrrpppsrsprsppsprpsrprrrrsrpsrrprsrssrppsppppsrpsprprspssrprrrpsppssrrrssssrrpsrrpssprrsrspssrrsrrrsrprrsrssrrpspppspssrppsssrpsprpssrrpsrrpssppsrrsspsppprsppprsrprspspppspprppprrrsprsppprsrprpsspssspsrrrpsrpr,78
m,21,srrrspppssssrprrssspsrrspprrrpssspprrspsssrpssrsrsspsssspppsssrrprprsrsrsspspsspsspprppsrrrppsrpsprspssssrrpspsssrpprppprsppsrprpspsrrprrprsrrrspspssprrrsrsprssrssprsrprrspsspsrpsrpsssprpppppsrpssrspprrpprprsrsrprrpssprspssssrsrspppprrrrprrspprrrsprrpprspsrrrpprprrpssrrsrrrsrrpspsrrpsprpppssspssrrpr,78
m,22,ssssssrsprppsprsrpsprsprpsprpsprsprsssssssssssprpspprpprrpspppsprsprsrssprprprppsprpprppsppspsrpspprppppssssssssssssrrrrrrspspsprppsprsprpppsprpsprpsrppsprsprppprsprpsprsprprpsrpspprsprpppsrpsprpsrpsprpsrpsrpspprpsprpsprpsprspsrpsprspprssrppprsppppppsrrrrrrrrrrrrspspsprpsrpsprsprpsprprpprprprprprpss,78
m,23,prssrpsrrsspssrssrrssssspssprpspprsprppsprrrpsprsrsprspprpprrprpsrprpppppppspprprpsssrsprssprsrssssrspsrprprrsrspsrspppprrrppsrsssrpspppspppsrrssrsrpprspppspsrrrppsspppssrssrprpprspprprsssrspssrprrrrrsrrprpsprsrprsrpprsssssrspprpppprrssrrppprspsprprssppprrrrpssrrrspprsprpppsprsrrprrrsrppssrspssssssr,80
m,24,rpsprsprpsrpspprprpsrpsrpsprpsrppprsppsrsrssrrrspsrppsrpsprpsrprspppsrprsrpsprspsrpsrpsrprspsrssrrrspprpsrpsrpsprsprpsprsprpsrspprpspspsppspprprprpprpspspsprpppppsrprrrsrsrsrprpsprpsprsprpsrpsprpsrpsprpsrpsrpsprpsrpsprpsrprpsprpsrpsprpsprprpsprpsrpsprsprspsrpsrprpssrpsrpsrprpsrprprsprspsprprspprprps,80
m,25,sprpsrpsppspspsrprprprprrrspsppspsrppsrpsprpsrpsprppppsprpspsppsprprprpspspspspsrprprpspspsprprpspspsprpspsrprsppsrprppssppspspspsrprprpsrprprpsprpprprrrrsrsrsrsrsrpprprprprpspsrppsrpsrpsprspsrpssprprsprpprsprpsppsrpprsprprrrsprpsrpprrrsprpsrprpprsprpsprsprprprrppsprprprpspspspprprpsprprrprppspspspr,80
m,26,sprpsrprsprspprpsrpsrprsprprpsrprpsrprsprpsrpprspsrprssrprspsrppsrprspsrprsprprspsrprsprsprprrprprprprprprpprprprprprprprprprprprprprprprrprpprrprprprprprpprprprprprprprpsppspsprpssprpspsrprspsrpspspprspsppsrppsrpsppsrpsprsprprpsrpsrppsprspprspsrppsrprpsrpsrpsrpspsprspsrprpsrpsrpsrpsprpsprpsrprsprsp,80
m,27,sprpsrpsprpsrpsprpsrpsrpsrpsppppsprpppsrppppsrpsrpsrpsprpsprsprpsprpsrpsprpsrpsrssssssssssssssssssssssssrpsrpprpsrpsprpsrpprpsrpsrppprprprpspsppsrpsrppsrpsrpsprppprrrrrrrrrrrrrrrrprrprrrpppppppppppppppppppsrsrsrsrsrsrsrsrsrsrsrsprppppppppppppppppppppppppppppppppppppppppppppppppppsrsrsrsrsrsrssssssss,80
m,28,sssssssssprrrrrrrrrrrrrrrrrrrrrrrrrrrrrrrrrrrrrrrrsssssssssssssssssssssssssssssssssssssssssssssssssssssspppppppppppppppppppppppppppppppppssssssssspssssprrrrrrrrrrrrrrrrrrrrrrrrrrrrrrrrspppppppssssssppppppppppppppprrrrrrrrrrrrrrrpsssssssssssssssssssprrrrrrrrrrrrrrrrrrrrrrrrrrrrrrrrrrrrrrrrsssssssssss,80
m,29,srprpprssrsrpspprrpprprprrppssrpprppspprpprrsrrssrssrppsrrrrssprspsssssprprrpprpsssppsrrrrsrsrpsppprrppsrsrppsppprrprssssrprsrrssrsrrrppsrrrsrrrspsprrsrprssspprssprrrssrppssssppppsrsrrssppsppprsrrrrrppsrspprrsrppsrrsprsrrrsrrppssspprrpsrprssrsrppprsrprrssrrsrppsspsrrrppspsspsppspprprpprssrppsprprssr,80
m,30,rsprpsrrrsppsprpsrpsrrssrsrsspssssppspsssrpssrrprsrrpprssrpprpsrppppppspprsprsrppsspssrpspprrrsprspprpsppprrspssprpprrprrrrpspspsprsspssrssprsspprpsrrrrrpspsrspspsspsppsrrrsrrsprpprrppsspsrrsrssspsprppssppsrrrpssspspsppspssrprrsrspspprrrspsppprrrpsrrsprssrprsrpsppsrpppprrspssspprrrspsspsrrprpprsspsp,80
m,31,ppssssrsrsrpspssssrsrsrprprrsrsrsrssssrsrprrrprrsrsrsrsrpsrprprprsprsprsprsprsprsprsprsprpsrprprprpsrprsprsprpsrpsrpsrrsrsrsrsrsrsrsrsrsrsrppppppppsssssssrrrrrrrsrsspsprsprpsrpssprsprsprprsprsprprpppppsrrssrsrrrrsrsrsprprprsrsrpsrpsrpsrpsrsprrprprprrrrprspsprsprpsprsprpsrpsprpsrppprpsprsprpsrpsprspr,80
m,32,rsrprrpsrrpsrpspprprppprpprrprsrrppsrrrssrpsrrrssrsrssppppspsrsppsspssprpsrrsspsrspspssrssppprssrsssspspsssrssprrsrprssrrspppppsppsrsssrpprprppprrrsrpsrsrspspprppsrpspprppsrprppprsprrrsppssrrrsppprsssrsspsprsrppssrspsrsprpprsrppsrsssspspsrprrpsrrsrsssrrpsspssrrrspprrpssrspssrssppsprrssrrrppprrpsrssr,82
m,33,prssppspprrsrrrrprrrspssrrpsrprrprppssrpsspprspprrpsssrrrrrrpsrrprprsssrpprsssprprppsrpsspspsrspppppsppsprrprsssrssrrsprsssrprsssspsrpsrsssrpspprrrssprssrsrssssspsspsppsrsppsprrsrssprrpprssrpssrsrrpsrppsprrpsspsprrsssprrsrprpsrprssssrprsssprsspsprrpspsspprspsrsrrsssprsrprsssppsrrsssrrssssrrpspsprrsp,82
m,34,sprsprpsrpsrprprprpspsprpspspspspsprpsprsprpsrprpsprsprpsrpsprpsrppppppsprpsrspsprsssrpsprrprrrsprsrsrpsrsrpsrpspsprprsprpspsprprprprprrrrrrrrrrrrssssssssssssrrpsrpsprpsrpsprspprsprsprpsrpsrprprprpspsprpspspspspsprpsprsprpsrprpsprsprpsrpsprpsrppppppsprpsrspsprsssrpsprrprrrsprsrsrpsrsrpsrpspsprprsprp,82
m,35,rsprppsrsrsssrpssprpprprsrrspprsrrpsppprpssrpprprsppprsspssppsrrssrsprrspsppsssrppsspssrsppssppprpsrrppsrssrrssrrrrprprspssrsrpsrrprppsrsprsrrsppsprrrrsrsrpssprrprsppsrrrrspsrrsrrrpsrrrpprssrprrrsrrsrrprprssprppprspsssrpppssssrrrrrrssrsrrprpsrspprsrrprrprprssrrrrrrppspprppsrsssssssrprspprsspssrsrssp,82
m,36,spsrprspsrprsprsprsprsprsrppsrprsprprrppsppspspsprpppppppsprrpsrprsprspsrpsprpsrrsprsprsprspprsprspsrpsrprspsrprspsrprpsrpsprspsrprsprspsrprpspsrpsrprprpprprprpprprprprprprppppppppppspspspsppspspspspspsppspspspspspspspsppspsppsspspprrprprprprpprprprprprprprprrpprrsprsprsprspsrprsprspprsrspprspsrrpsp,82
m,37,srspprrsprsrspspsrsrpprssppsrrsspsssprprsppssspsspssrsprssrprsrrssssppssprpspppprsrsrsrrprrsrspsspsrsppssrpppsprprpprssppspppppprrsrrsrsssrpsrrpprsspprpsprprpsprrrprpppsspsprsrpprrssspssrrsrspspsrprprsprpssprssprprsprrsrssppppssppspsspsppsrrprprrpsrprssppspprrppspprssrpssrrpsrsprsprrprrprppssrrprsrr,82
m,38,psrprpspsrpspsrpsprpprprprpspspsspspsprprprrprprrpspspspspsprpspspspsrppspsrpspsrpspprprspsprpsprprpsprrrrrrppppppssssrrrrpsprpsprpsprpsprprpprprrprrrrrssssppsprpsrpsrpspsprpsprpsprpsrprpspsrpspsrpsprpprprprpspspsspspsprprprrprprrpspspspspsprpspspspsrppspsrpspsrpspprprspsprpsprprpsprrrrrrppppppssssr,82
m,39,srrrpsprppsrpssprprprprpsssssssprpsrppsprsprpsprpsrsrsrsrrrprspsrpppsprpsprsrprprpprpsspssprprrpsprpsrprpsprpsrrrprpspssrpsprppprpsprpsrpsrrpsprrpsprpsrpspsrpsprpssrrprprppprpprpsprsssssrprprprsprpppsppssrrrpsprppsrpssprprprprpsssssssprpsrppsprsprpsprpsrsrsrsrrrprspsrpppsprpsprsrprprpprpsspssprprrps,82
m,40,prpsprsprpsrprspprsprpsrpsprpsrpsprpsprpsprsprpsprsprpsprpsprsppsrpsprspspprpsprspspspspppsrpsrsprspprrrrspsrpsspssssprsprprpsprpsprsprsprpsrpsrpspspsprspsppprsprpsrpsrpsrpsrpsprsprpsprsprpsprsprpspsprpsrpsprsprpsppsppsrprprpsprsprprpsrpspsrprpsprpsrppspsrpsprpsrpsrpsprpsprpsprsprpsprpsprsrpsrpsprsp,82
m,41,ssssssssssssssssssprpprprpprpsprpsprpsrpsprpsprsprpsprsprpsprpsprsprpsprprpprprpsprpsprsprpsprpsrpsprpsprpsprsprpsprpsprsprpsprpsprssprpprprspprpsprpsprsprppsprsprpsprpsprsprpsppsrprspsprpsprpsrpsprpsprppsprspsprpsprpsprspsrpsrprspspprprprpsprsprpsprsprpspprpsprsprpssrsprpprprprpspsprpspprpsssssssss,82
m,42,ssssrrrprrsrprpsspspprppprrsrpprpssrrrprrpssrrppssprspsrsrrrpppspsssppsprpprppsrrpsspprsssrrpppsrprppssppppprppprrrssssrrrrppppprssssrsrpssrsppsprpprrpsrprprrrppssppssrpsrrppprrpssssrrrsspssprsrpsrrrspsprrrspsssprpprsprppprpprrsrrprsrppsrrsrrrsrpspprrpspsprpprrsrsrssprsspssspsprprpspsprssspsppprprrp,83
m,43,rprsrpsprsprspprsprsprsprsprpsrspsrrpsprsprspprprprspsrprsprsprsrsprsprsprsprrsprsprspsrprprsprsprsprsprsprsprprpsprsprsprpsrpsprsprpsrpsprsprssrprppsrprsrsrsprsprspprsrsprsprspprsprsprpprsprprpsprpprspsprrpprsrssrprpsrprpsprpsrprprprsprpsprsprrspprrprrsprsprprprpprspsrspsrprspprsrssrrsprsprpsprsprs,84
m,44,sspspsprpsrpsprsprpsprpsrpsrpsprpsrpsprpsprsprpsrpsprpsrpsrpsrpsprpsrpsrpsrpsprpsrpsrpsrsrsprsprpsprsprpsrpsprpsrpsprpsrsprpsprpsrpsrpsrsrsrpsrpsprpsrpsprpsprpsrpsprpsprpsrsprpsrpsprpsprsprpsprpsprpsprpsprpsprpsprpsprprpsrpprpsrpsrpsrppsrpsprpsrpsprpsprpsrsprpsprprrprprprprprprprpspsppsprprppprpspsp,84
m,45,rrsrprrssrssppppprpspsrssssrppsprpsrsspprrrrpsrsrrrrpsssrrrsssppspspssrprsrssrrsprsrsrrpsrsprppprrrsrrrssrrsprrsrspssrspssprssrspppssrprsprprspssrsrsrprrrpprprrssrrsssrspsspsppppprprrsrrsrrpppsssrsrpsprrssssprrsppprrrssssppprprssrppssrrpssspsrsrssrpsprrsrrsprsrrssppprrrssprrpssprsprprsspsspsrrsrrpsp,84
m,46,sprpsprsprpsrpsrpsprpsrppsrpsprsprpsrpsprsprprprprprprpsrppsrsrpsprsprsprpsprpsrpsprpsrpsprpsrpsprsprpsprpsrpsprpsprpsprpsrppsrpsprpsprpsrpsprpsprsprpsrsrpsprpsrpsprpprprprprpsprpsprsprpsprpsprpsprpsprpsprspprpsrpsprpsprpsrpsprpsprpsrppsprsprpsprsprpsprpsprpsprpsrpsprpsprpsrpsprpsprpsprspprsprpsrpsp,84
m,47,rrrpspsrpprspsrpsrpsrpsprpspsprpsrprsprpssrpspsrpsprsprpsrpsrprpsprprsprpsrpsrpsrpspsrprpsrprsprpsprsprsprppprspsrpprspspsspsssrrpprpsrprsprprprprpsprpsrpspprpsrprpsprsprprprpsrprprppsrpsrpsrprsppppsrppsrprsprsrsrpprpsrprsprspprpsrppsrprprpsprprpsprpprrsprpprpsprpsrpsprprpsprpsrprspprpsrprsprpprprsp,84
m,48,spprspsrprsprspsrpsrprprrsprpsrpssrprsprsprsprsprsprsprsprsprsprsprsprsprsprsprsprsprsprsprsprsprsprsprsprsprsprsprsprsprspprsprsprsprsprsprsprsprspprsprsprsprsprsprsprsprsprsprsprsprsprsprsprsprsprsprsprsprsprsprsprspprsprsprsprspsrprspsrprsprsprsprspprsrpsrpsrpsprpsprsprpsprsprpsprsprpsrpsprsprpsr,84
m,49,rpsppsrsprrsrrrpppsssrpspsprrrsssssrrrpprssrpsprrrsrrprspsrssrsprrrppprsrrrssprrsppsssrspsprsrrprpprrpsrsprrrpprsrsrrsspsrsrrpsrrrpsspprssppprrprrpprpsrrrrrssrpsssppsrrspprrpssssrrrppppsrpprsrpprpsrrssrppssrsprsrssspsppsprrpsprsssssrpsspsrpsrspppsrrsppsrppsrrsssrppsrprrpsprprrprspssspsssrrsrrsrsprsp,85
m,50,psprpsrpsprspppsprpsppsrsrpsprsprpsprsprpsprpsprpsprpsprsprsprpsprpsrpsprpsrpssrrsrrsrpsprsprpsprpsprpsprpsrpsprpsprpsprpsprpsprpsrpsprpsprpsprpsrpsrpsprpsrpsrpsprpsprsprpsprppsrpsprpsrpsprpsprpsprprsprpsprpsprpsprsprpsprpsprpsprpsprpsrpsprpsprpsrpsprpsprpsprsprpsrprprprppsrspsrprprprprprprprppppppp,86
m,51,rppsrpsprpprspprpppsprpspsrppsrpprppsrpprpprppsrpprpprsprprpspsrppprppprpprprprpsrprsprspprsppsrpprpprrspprsppsrprprpprpprsrprpprsprprpsppprprpprprpsrppsrpsprprrsprsppsrpprsprpprspprppppsrppsrpprspsrprppsrprspsrpprsprsprpspsrprprspprsprspprspprsprspprsprsprprpsprsprsprspprsprpprsprppprsppsrpprspprsp,86
m,52,ssrrprspsrrrsrssrprrsrprpssspprrrrspspprssrsppssssrpsrssrppssrsprpprsssrpsprrsrpsspsrsprrpprsrrsrpprsrrrprppsprrsrrpssprrprsssrrrsrpspsprsrrrprrrrsprpssspspssprrsssprsprpsspsspsrrpppsprrpprspppsrpspsssrsrprssrsrpsprprsrrsrrrrsprrrrrsrprprssprprrpppppprrsssrrrrpsrrssprsrpsppprrrppspspssrsssrrspprsrps,88
m,53,pspsrsrsprspsrsrssrrpspspspspspsspspspsrsprspspsprssrpsprsprprpsrpsprpsrpprprpsrsprprpssssssprpsrpsrprppprrrrrrrrpsrprpprspsppsprsprspprsprsprpsrpspprpspppsrpsppppsrssssrrrsrpsrpsprsprsprpspppsrsrsrsrrrrrrrsssspppsspspsppsprsrrsrsrsrsprsprpsppsrpsprpsprsprpsrpsprsprpsrpsprsprpspsprpsrpsprsprpsprsprs,88
m,54,spsppssppsrpsrprppprpssrrrrsrsssssppssrprsrsrpssrsrrrspspprpsrprppssppsrsssssrrrsspsprrrpspsspssspsrpsrrpprrpssprrpsrsrsprssrrrprsppprssspppsrrprsspssppssspspspprsppsspprrpppprpsrssppsppprpsprspprrrrsprrpprrrppprprsprpssssssrrssspprpprprrrsprsrrpppsspsrsppprrrprsrpsrspsrprprpprrsprrprpsrpprrrrpsssps,90
m,55,srprpsrpsprpsrprsprpsprspsrpprspprspsrprspsrprsprspsrprsssssssssssssssssssssssssssssssssssssssssssssssssssssssssssssssssssssssssssssssssssssssssssssssssssssssssssssssprssprpsrpsrprpsrpsprpsrprsprpsprspsrpprspprspsrprspsrprsprspsrprsssssssssssssssssssssssssssssssssssssssssssssssssssssssssssssssssssss,90
m,56,sssrprrspsssprssppspsssppsppsrsrrprssrpsssprsrprrssrrpsprrsssppssprppsssrssrpsrpspppprpssspspspppppssrpsrrrrspprrspprssprrrsprprrrprrppsrspsspprsrsrsrrrspsrsppssspprsprpsprpsrspppppspssrrssprrsrsrsrrrpppssrpsprprrpssssrrrssssrrssrssspprsrsrpssrsprrrppsrspspspssppspspspprpsspsrpprprrrpssprrsspprrrsss,92
m,57,prprprprrssssrprrprssprrsssrsssrsssrprsrrppsrpspprsrpspprppssrssrrrsrpspsrrrrpsprprsprprpprsrpsssssrspsprsprprsprpspsrrsrspsrsrsrrprrrpppssspprpsrppppppsspsrsrssspprprrrrprrrpsrppssrrppspprpppssrssrrrrsssspspssrsrpspsssprpssrppsrprssspspsrsprsprpprrsrssrprpsrssrrssrrspssrsrrpsprrprrprssrrrrsrpppsssr,94
m,58,sssspsrrprprpsrrpprprrpprspssprprsrpsrsprrsrpprrssspsrssprssrsrrrsrrrrsssrrrpppssrrspsrprrsprrssrsrprssrssprrrpprsrpsrppsppsprrrrprrrpsprrrppsrprpspsprsspssspsssrspssrrrpssprrsrpppspssppspsrsrsppssprsspppsrpspsprsppsprsssspssprpsrpprrspsrspssrspprrpsprrrssrrsrprprpprssspprppsrprspspppsrsrsrrrsrpssrp,100
h,59,prpsprpsprpsprpsprsprpspsppsprspprrprpsppsrpsrprsrpsrsprsssrpsrprprspsrprsprsrsrspsrpsrsprpsrprsppsrpsrprssrpprsrsprsrpsrsrsrspsrpsprsssssspsppsppppsrrpsprprrprssppspsrpppspssspsprsrsprsprsppsrsrsrpprspsrsrprspsrppsrsrppsprpsrsprpsrpspsppsppsspspsrprrrrrprrrrrrrssrsprsppsrpsrppsrpsprpsprpsrssssspspr,102
h,60,ssrprrrrrppssrsrpppsrspsrrrpsspprsssrssrpsrrrrrssprrrsrpsrspprrrsrrprrrsrprprrprprpssrpssrsprsrrsrsprsrrrprrsssssprsrsprppsrrrrsssssrrssspppspppssrrrrrrrrspsspsrrpprppsppsssrssspprrssssrsspppprsrrssrppprssspppsprprpprrrsspsspppspsrrsrpppsrpsrpspprprsrrpspsrprsrrppsrprsspprpsssssrsrrprpprprpprsrprsps,106
h,61,pspsrpsprpsrpsrpsrpsrpsrpsrprpsrprsprsprpsrspsrprpsrrsrspsrpsrsrpsrpsrpsrpsrprspsrprsssrprppsrprsrrsrpsrprrrrsprspsprpspsrpsrpsrpsrsprpsrppsrpsprpsrpsrprsprpsprsprpspsprrsprspsrpsrpprsprpssprprspspsrprsprsprsprspsrprsprsprsprrpsrrrsrspsrpsrsprsprsrpsrpspsrpsrpsprsprspsrpsrpsprsprpsrpsrpsrpsprprsrspr,114
h,62,rsprsprsprsprsprsprsprsprsprsprsrpsrpsprspsrpsrspsrpsprprspprpsprsprpsprspsrpsrpspspsrpsrspsrspsrprpsrpsprsprpsprsprsprsprsprsprsprsprsprsprsprsrpsrpsprspsrpsrspsrpsprprspprpsprsprpsprspsrpsrpspspsrpsrspsrspsrprpsrpsprsprpsprsprsprsprsprsprsprsprsprsprsprsrpsrpsprspsrpsrspsrpsprprspprpsprsprpsprspsr,114
h,63,rrrrrrrrpppppppppssssssssssssrrrpssssssssppppppppppprrrrrrrppprrrrspspssssssssrrrrrrrrrpssrpsrprspprsppppppppsssssrrrrrrrrrrrrrrrpsppssssssssssssssssssssssspppppppppppppppppppppppppprrrrrrrrrrrrrrrpppspppsssssssrpsrrrrrrrrrrrrrrrrrrrrrrrrrrrrrrrrrppppppppppppppppppppssssssssssssssprpsrspspspsssssppp,118
h,64,rpsppssrsrsppprsrsrrpspssrspppprprspprrspppsprppssprsrpsssrspspsrssrpspsprppprppsrsrsssppspsrsprsprppsssrrpssrppsspsrssssrsrrppsppprrsspprsrprsssrsprssrspprrspsprspppssrsspsspsrsrppsrrrrppsrrsprrssspsssrspprrrppsrsrpssrpsrrprrsrrpsrprprsrspspsrsprprrrspprrrrppppsprrspsrpspspspsprsrpsssrspsprpsrprrrs,120
h,65,sprrsrsppsspspssrprprsppssrrsppppsppprspprspssrrrsprrrspprrpprrrrrrsspsprssrsprpsppspspspprppsprpssrprppsrsrrspspsspprppsrssrspssrppsprsppprrppsppspprspppprprsppprpsssssppsrrssrrrsrrrssspppprspsrsrssrrprrpsrprssrrprrrrrrssprrpssrpsppsrsrpsrprssspssrrssrrrrpssrssrprrsprprsssrrpsprrrrspsrpsrsprppssrpr,123
h,66,spssspsppsrsprprpprprprpspsrprsssssprprpppspprpprppprrrrrspssspsppsspsprpprppsprpsprpsspsssprpprppsssppprrrpsssprprprprpsssppppprprpprrrssssssrrrrrrrrrrrrrrrrrrrrrrrrrrrrpsprprpprrrrprrprpsrpsspsppspsrpsprpprrrprprrprprpspssrprrsprsprpsprpspprpspsrpspspssppspspsppspspsprprprprpspspsprprpspspssssrprp,126
h,67,rprssprpssssprppsrsrpsrpsssrpsrppprrprprrssppspprrsrpsrsrprsppsprrrrsrpsrrsprrssspspprrrrssprsprssrrrprpssrrrsppppsssrrspsppspssrssrrrprrrrsrrrssprpprprssppsrsrsrrrsrrprpsrrprppspspssprsprrprrssrprrssprprrpsrppprrppssprrrssrrprrsprprpsrpsssrpprssspprrrsspsprppprspppsssrprpppsssrprpsssppssprsspsssprr,129
h,68,rrsrpsprrspspppspssrrrppssrsrpsrprspsprrrpppppppprrrsssppppppspsrsrrsspppprsrsprprprpprpprrprrprrrrpsspsrprpsprsrpssppsrrsrsprpprpppssprsrsrrppprppsrrpprrpprpssrprprsrprprspppsspsprpprrprpsrpsppsppspsrrsppprprprpprrrsprrrrrspssrpppsspssrpsrrppsprrrpsrppsrprpprspprrsprsrprsrssssrrspsrppppppssspprrsrp,131
h,69,prspsrprspprsrpspsrprprpsrprsprpsppppppppppppprsprsprspsrprsprsprprspsrprspprsrpspsrprprpsrprsprpsppppppppppppprsprsprspsrprsprsprprspsrprspprsrpspsrprprpsrprsprpsppppppppppppprsprsprspsrprsprsprprspsrprspprsrpspsrprprpsrprsprpsppppppppppppprsprsprspsrprsprsprprspsrprspprsrpspsrprprpsrprsprpsppppppp,134
h,70,spsrsppprspprrrrssssrrrrrssrprrpsrsrsppprrssprrspssspsppssssppsrsrspsrpsrpsspsrsrpprppsrprssppprprpsppppprpsppsrrpssrssprprspppsrprspppprpprrppsrpsspssssssrrssspprsrrrpprssrpssrsspppspsrsprsprprssssprrpsspspssrsrrrpppsprrspssrssprpsrssrprrppprprppssppsrrspsppprspsrssrspsrpspssrrprspsrrrpprsrppprprrs,139
h,71,psrspsrspsrsrsrspsrsrsrsrsrprprprrsrsprprprprprsrsrsrsrsrsrsrspsrsprprprrsrsprprprprprsrsrsrsrrrprrsprrsrspsrsrsrsrsrsrpsrspsrspsrsrspsrsrspsrspsrspsrsrsrspsrsrsrsrsrprprprrsrsprprprprprsrsrsrsrsrsrsrspsrsprprprrsrsprprprprprsrsrsrsrrrprrsprrsrspsrsrsrsrsrsrpsrspsrspsrsrspsrsrspsrspsrspsrsrsrspsrsrs,141
h,72,prprpspsppsprprsprprpsprspprprsprprprspsrprpsrpsrprspsrppsrprpsrpsrprspsrprpsrpspspssssppprprspspspspspsrprspsrprspsrprpsrprsprpsrprprsprpsprsprpsprpsprpsprpsprpsrprspprssssprpprssprprssprsprpsrpsrppsrsrppsrprsprsprspsrpspsppspspspspsppsprrrrrrrrspprspsrpsrprspsrpsrpsprsprprpsrpspspsrppspspsprprprrr,144
h,73,rsprsrpsprpsrpsrpsprsprpsrpsprsprpsrpspprppprppprpspsppspspssppsrpprsprpsrpsprprprpsprpsrpsprprprprsprpprprprpprppspsrprsssrrpprprrpsrprsprsprpsrpsprsprpsrpspprpsrpsprpsrpsprsprpsrpsprpsrpsprsprpsprsprpsrpsprsprpsprsprpsrpsprsprpsprsprpsrpsprpsprsprsprpsrpsrpsprpspsprsprsprpsprsprpsrpsprpsrpsppspsss,144
h,74,rrrsrpprrrppprpsppsprprpspssprsrprsrrpsprppssrpspsrrrprrrsssrpspprpsspsssrsprrpppssrpppprsrrssrpsrrspppssrpprssprssrsssssspprprsssrppprrpssprrsrrrrssssrsprpsprrsrpppspsppspprrrspsssrrsprppsrssrpppssprsppsssrprrrprrrrprssprrspppsrppsrsssprrsrrpprsppprrrssprrrpsprprrssrsprrppsrspppsspsprpprsssrrpspsrp,147
h,75,ppsppssssrssrsrrspsppspsprpssrrrsprppprprprprprssssrsrsrssrrpprppprrrppspspsprpprprsprpsrprppsrpsprpsrprsrpprpsrpssrrrspppspsprprprpspsppspspppsppssssrssrsrrspsppspsprpssrrrsprppprprprprprssssrsrsrssrrpprppprrrppspspsprpprprsprpsrprppsrpsprpsrprsrpprpsrpssrrrspppspsprprprpspsppspspppsppssssrssrsrrsp,150
h,76,ppppppsppspsprsprpsrpsrpsprsprpsprsprpsrpsprspprppspsppspsprprprprprprprpsprsprsprsprpsrpsprsprpsrprprprpsprsprpspppppspppppsprpsrpsprsprsprsprpsrpspppsppsrpsprpsrpsrsprpsrpsprppsrpsprpsprprpsrppsprpsprsprpsprpspppsppsprrprprpsppspsprpppppprsprpsprsrpppprppsprprpsrpsprpsrpspspppspprrpsprsprppspppppp,150
h,77,spspspspspsprprprprprprprpspssrsrsrsrsrsrsrsrsrsrsrsrsrsrsrprprprprpsrpsprsprpsprsprpsprsprpsprsrpsprsprpsppspspspspspsprprprprprprrpspprpsprsprpsrpsprpsprsprpspspspspsprprsrsrsrsrsrsrsrsrsrsrsrsrppspspspspspspsprsprpsprpsrpsprpsprsprpsprsprsprpsprpsprpsrpsprspsrpsprsprpsrsprpsprsppspspspsppspspspsp,157
h,78,psprsprprsprsprsprpsprpsrrpsprsprsprsprsprspsrpsprsprspsprprprspsrprsprsprpsrpsrpsrpsrpsspspsrprprprprspspsprrsrsrprsprspspspspsprprprrpppprrsssspspspspsprrrrppspspspspspspprpsprppsrsprsprpsrrprsprspsrpprsprspsrpsrprsprsprsprpsrpsrpsrsrpsprpssprprsprprsprsprpprpsprpsprpsprpprpsrpprsprprspsrprsprpsps,160
h,79,rprrrspspssrpsrsssprpssrsrprrppssrssrrspppprprpprprprrrpsprrsrsprrrsrrrrpprpssprprsrrprrspprrpssspsrpprsspssrsrpssrrrprpsrrprprspspspsrsrsssrrrrppsrssrrspsppprprrrprrrrrprprsrsrrrrrprspssssssrprsppprpprsrrrpprprsssrsssrpsrspsrsrppprssspsssppprrprppspprpspprspsrprpsspsppssrrrpprppppsppppsprspprrrrrrp,162
h,80,rrpprrrpsppppprspsprsrssssspspsrspsrpsrsrsppssrprsrsspsrprprsrrprrsssrrsrprrspprpsppsssrppppsprrssrrrrprrrsssprsrspssprpsrspppprspssssrsssspppspsrrsrpsssprrrrprsrprsrpsrsppsrprsrprrppsrssrsspsspsrrsrprpsprprssrrpppsrpppsrssppprsrrpsspsrspsprsrrpsrsrpsrsrsrrspprprppprprrspsssssppprrrprsssrsrprrpssppr,164
h,81,pssrppssssprrsprrpprspsrsrrrrsprrspssssrrrspprrssrpsprpsssrrprpsrsrrrpprrppsrrprpsrrspppppsrrprsrppsrsrpspsssrpssrssrssrpsrsrsrrpssppsppspsrpsrrpssrprrrspsrspsrsprrrrsppsssrsrssrssprrrrprrprpsrssrrrpsrspsspprsppsppssssspsrrppsrppppppssrpprprsrsrsprrssppspssrsrsrrssspsrsrrsspsspsrspspppsrprrprpppsprp,165
h,82,ppsrpprrppsprsrppssrpppppsssrsrprpsprrpsrrprrprsrpsrsrsppsrpprprsprpprrpsrprrpspsprpprpprsppsrrsrsspprrrssrsrrrrsrsrprpsprspsrprrsprrpssrprrpsrsrrpprprspppppppsssppssprspprssprrpsrrspsssrpssrprsprsrrsssrpprrpsrprrrsprssppsrsrpprrrrrrprrsppprsssspssspssrrpsprsrprrprsprrrrssrsrrrrrprrsprppsppprprsrpps,167
h,83,prsprsrrsprrrrspsssrprrprppsprsssspppsrprprrrsrrsppprrrsrsssrppsrssrprrprpsrsspsrrprpsrpprsrrspssrspppssrrpprrppppprsspssrrrspprsssprprsssspsrrsrppprrprpspspppspprprprsrpsppsssrrsrppsssrsprsssprpssrspsrrpsrssrspsssrrspsssprrrsrrrrrprsspsrrsprsrppsrprrspprsrspppprsppppspssprprrpppprprsssprrrsrrrpprss,168
h,84,prrppspssspspprrrrppspsspsspsrpsppsrsrsprsppprpprsrpsrprspppsprsrrsspprsppppsrrrpsprsrpppppssrsrpsrsrprpsrrrssrrssssrsrprrpspspspssppsppsrsprrsrsrpssrrpppsspprpssprprsrrprrsprsrrprsssrrsspprsrprprrrrppsrrsppsrsrssprrsrrpsspsssrsrpsrrspppppsprrsrrrpsprpppprrssrrrsrsrspsrssrsrprsrsssprprpssrrsrrppsrrp,173
h,85,prssprrpssprsprpsrpsrpsrpsrpsrsprpsrpsrprspsrpsrprspsrpspsrprsrpsprsprprprsprsprprprprssrpsrpsrpsrpspsrpsrpsrpspppsprsprsprsprpsrpsrsprprpsrpspsppsrpsprprsppspsspsprrspsprsprsprpsprsprpsrpsprpsrpsprpspsrpsrprsprrpsprpspprppsprpsppsprpsprsppsrpprsprpsprspprspprpsrpsprpspsprpspprprpsprprsprprpspprspsp,174
h,86,psrrpsprsrsrrprspprspssssrrsrrrssprprsspprrrppspssrrpprspsssrpssrprspsrrrpsppsrrrsppspssrprrrprpppsppssppspsssrsppsrpprspspprrsrrsppspsrrssssrsrrrrrprprprsppprprpprprrrrssprpsprssssrrpppprsprspsrprsspspspprspsspprsppsprsppppprrrrssrrpsprsssppsrrrrpsssprsrrsssrrrrsppsrrsssppprsppspppppsssspsrrsrpprrp,177
h,87,rpsrpsprsprpsprsprsprpsprsprpsrpsprsprpsprpsprpsrpsprsprpspsrpsprprsprpsprpsprpprpsprprprprpspprpsprppsprpsrpsrpsprpsprpsrpspprpsrpsprpsrpspprprsprsprpsppsprpsprprprpsprsprpsprsprpsrpspsprpsprpsrprspsprpsprpsprsprsprpsprsprpsrpspprsprsprsprsprpsrpsprpsrpsprpsrpsprpsrpsrprspprsprsrpsprpspsprpsprspspr,178
h,88,rpsprpsprprsprpsprprpprpsrpprsprprsppsrprpsrpsprpsrpsrprsprpsprspsrpsrpsrpsrpsprpsrpsrpsrpprspsrpsrprsppsrpsrpsrpsrpsrpprsprspsrprspsrpsrppsrpsrprsppsrpsrprspsrpsrpprspsrpsrpsrppsrpsrpsrppsrpsrpsrppsrpsrpsrpsrpprsprspsrprspsrprsprpsprspsrpsrppsrprprsppsrpsrpsrpsrpsrpprspprprpprsrrrrrrrrrrrrrrrrrrrrr,182
h,89,rprspsprrpsprsprsprsprprrrrsprpsrpspsrpsrpsrpsrpsprsprpsrpsrpsprpsrpsprsprpsrpsprpsrprrpsprpsrprprprpsprsspsrprpsprpsrpsprpsprpsrpsprprsprspsprspprprsrpsspsrpsprpsrpsprpsrpsprpsprpsprsprpsprpsprpsrpsprpsprprpsprpsprsprrpprssrpsrprsprspsrprppsrpsprspsrprsprpsprspprspsrpsprpsprpsrpsrprpsprpsrprprpsrpr,183
h,90,psppprsrprpssrprsprpprppprrpsrssprrprpspsrppsssprrsrsrsprppprprrsrrsssrspsspspppppssssrrrrppspssppppspsrssrssrsrsrssprprrrsssprprssrsssrrrsrpspssrspsrrppprrrsrrrpspsspppssrsrsrrsrrssprsrrpppprprrpspprsrprpsppsspsrsrprrpsprspsssprpsprprpspsspspppprssssrrrpsrsrpssrsrsssrsrspsssprrpspssrrpspppppsrppspr,183
h,91,ppppsspsrrsrrpssrspsrpsrssspsppssspspppsprrpsprrrpsrrpprprsppsrpsrspprpsrprsrpssspsrprsprrspsssrprrsrrrrppsrpprsrssrspsprrsspsprsrppsrrrsprsrrsrpsrrpspprrrrsrprprpspsrrprprspspprprssrssrpprpssprspsrprpssppprpppppspprrsprrprrprrpssrrprrpsprsrrrspspsrspsssspsspprrppsrsssprrrsspsssrrsrssrspprsssppssrrp,196
h,92,sprspsprpsprsrpsprsprsprsprpsrpsprpsrpsprsprpsprsprpsprpsrpsprsprspprsprpspsprsprpsrpsprsprsprpsrpsprpspsprsprpsrpsprspprspprpsprsprsprpsprspprsprpsprsprpsprsprpsprpsrpsprsprpsprsprpsprsprpsprsprpsprspprsprpsprspprsprpsprpsprsprpsprpsppsrpsprsprpsprspprsprpsprsprpsprsrpsrsprsprsprpsrpsprsprspsprpspr,196
h,93,prsrprpsrsrpspsrsrrsppsspssrrpsprppsrrpsrspsrrsrsssrrspprrrpprrpppsrpspspprprrprrpspssrsrpsprsrrrpssrrpprrsrrsprpsspsprssrrpspppspprsrpppprsppsrpprsprpspprrsrssrspssprssssrspsrrsspsspsssrrssrrrrsssspprrrssrrpprrprpprrppssprrpppspsprssrspssssrrpprspprprrssrsssrssrrrsssssrpprpsrpspprrrpprprpprrsrrspsp,198
h,94,prsprpsprpsrpsprsprpsprpsrpsrpsprpsrpsrpsprpsrpsprpsrprprprprsprprprprprprprprprpprpsprpsprpsppppsprprprprpspsprprprpspsprprprpspsprprpsprprpsprprprprprpspsrpprpsprspsrsrsprsrpsrpsrpsrpsrsprsrpsrsprsprsprsprpsrpsrpsprsprsprpsrpsprpsprsprpsrpsrpsprsprpsrpsrpsprsprpsrpsprsprpsrpsrpsprsprpsrpsrpsrprpsp,200
h,95,srrsrrsssppsppprprprprrrsssrsrrsppppprrrrrrsssrpspspspspsrsrsrsrsspspspprprpppssrsrrsssssssppprpprprrrrpppppspsppsprrsrpsprpprpsppsprpprrpsrrsrrssssspppspspprrppprrrrrrrrrpppsssrssrpspprsrppprprprrssrpprppsssrrrrrssppspsppsprprrprrpppppsssssrrrrrssppspspprrrpsprpprppssrsrrsrrsssppsppprprprprrrsssrsr,202
h,96,srprsprsprsrpsprspprsprpspprpsrpprsprpsrprsprsprsrpsprspprsprpspprpsrpprsprpsrprsprsprsrpsprspprsprpspprpsrpprsprpsrprsprsprsrpsprspprsprpspprpsrpprsprpsrprsprsprsrpsprspprsprpspprpsrpprsprpsrprsprsprsrpsprspprsprpspprpsrpprsprpsrprsprsprsrpsprspprsprpspprpsrpprsprpsrprsprsprsrpsprspprsprpspprpsrppr,202
h,97,rprpsrprprprprprprprprprprprprpsrprprprprprprprprprprprprpsrprprprprprprprprprprprprpsrprprprprprprprprprprprprpsrprprprprprprprprprprprprpsrprprprprprprprprprprprprpsrprprprprprprprprprprprprpsrprprprprprprprprprprprprpsrprprprprprprprprprprprprpsrprprprprprprprprprprprprpsrprprprprprprprprprprprpr,208
h,98,rprpsrprsppprsrppsrssrpspprssrsrprrrprssrrrppsrrprrppppppsrrrpppssspsrrppspprpssspsrpsrspssssssrrrpsrrrpssrpspprppsprspsssspssrrrsppsspssrrsrrsprrprppsrsrrrpsspsrrppsprspssppppsrrrssrpsrsssrppspspspsppppprpsrpppppsprsrrsrrsppsprrsprrssrrpprsrrpsprrrpprrsrrsrsssrsrsrsppsspsppprpsrpsrrrsrrpprprrsprprs,210
h,99,srpsrpsprsprpsrpsprsprpsprpsrpprpsppsrsrrrrppppppspspspppsspprrppsprsprpsrpsprsprpsrpsrpsprpsprpssrpsprpsrpsprpsprprsprsprsprsprsrsprsprsprsprsprsprspprsprsprsprsprsprsprsprsprsprsprsprsprsprsprsprsprsprsprsprsprsprsprsprrprprprprpprprprprprprpprprprrprpppssspsspsprprprpprpsprpsprsprsprpsrpsrpsprspr,212
h,100,rrsrrpprsppssprsrrsrrrrsrsspprprsrpssrpsrrprpsrspssspprpssrprrsrpprrpsprpspprsrprssrpsrrsrssprrrsspppsrsrpprssrsrpppsprprrpsrspprssprrrppsssssrssppsprspsrpsppssrprprsrspsrrssrrpssspspprprrrrprssrrrspsrsrsrprrrrrpsrrrrrspprrrrrrrspsrprsrrrpsspsprssspspsrsssrsrrrpspprsrrrrssrpsssrrsppppssrpsrprspsssrs,214
h,101,sprprprprpsprprpsprpsprpspsrsrsrspsrprpspspspspspsrsrsprprprprprprprprprppspspspspprpsprpsprprprprprprppspsspspsppssrsrsrsrsrsrsspspspspsppspsprprprpsprpsprpsprpsrprppsprprsppspsrpsprpsprpsprpprprprprprprprpspspppppspspsprprpsprprprpsprpsprpsprpsprprprprprprppsprprprprprprprprprprprprprprprprprprpps,214
h,102,srsrspsprsprrppppsrspppprsprsrsrsppprsrrspsrprppsppsspsppssrrspsssprprrprrpsrrrrspprppprspprspsprsrsprssrrpprrssrsppspssrrppppprrrppppprppsrsssprrprrsssrsppsssrssrrppprsrsspspprrsrrsrrrssprsrsrprppsprrpsrrsprprsrpppprprpsssrsppssprrsrppspsppprsspsrpprsrprssssppsrppsrrppppsprrrssrspsspssrspprsspspprs,217
h,103,srspsprsssprsrsprsrsprppsprprppsssrpsrrprprpsspssprrrpsssprrpsppsrpsrssrspsspsssrrrsrspsssrpssrrrrpssprpprrrssrpsssrpspsrssrrsrrsppsprrrpprssrsrrprpprsrsrprprspsssrppssrspsrrrrpsprrrpsrsrprpssrrpsrprpsrrppsrppprsssssprspprsrprrpsrppsrppssrprrpsppsrprrsrsrrrsprssrrrrprrrsrsrrrpsrprpsssrpspsssppprrprp,217
h,104,sprpsrpsprpsrppsrpsprpsrpsrpsrpsprsprpsrpsrpsrpsprsprpsrpsrpsprpsrpsprsprpsrppsprpsrpsrpsrpspspsrprpsrpsprsprpsrprprpsrpsprpsrprprpsrpsprsprrpsrprpsrpsprpspspspsrpsprsprpsrpsprpprsprpsprpsprpsprrpsprpsprpsppsrpsprpsrpsprpsprpsrpsrpsprpsrpsprrpsprpsprpsprpsprprprpsprpspspsprprprprrsrsprpsrprsprpsprpr,228
h,105,sssprsssrsrrrssspppssrsprsrsrspsrsrrpspsrssrrrssrsrpspssspppspssrsrrsrrprrrspprrssrssrpssrspprsprpppprspsrsrrrpssrspprrpsrsprrsspppssppssssssprpspsrrrssrsprprprrrsppssprprspsrssssrprrspspssppsprpprrppssrrrsppsppspppsprspssrsrprssspprspsssspspprprrspspppsppprsssppsspspsrpsrsssrrsrprssssrsprspprsrprrr,235
h,106,prssspspspspsprppsrrprsprsprsprpssppsrspppspspssrrpspsssppsprrsssspsssprrrprprpprsprsrrrprrrppsrpprrsssssrpsspsrrrpsspsspprrprrpsrsrprssrrssppsprsprsrrsrrrpssrspsrrppppsrsrrrrrrpspspprpppsprprrssrpsrssspsspppssrspprrppssrppsrssprrsrsspsrrrrppprrprrpprrspspsspsrrsrrprsrssrsppsrrrpprrsprsprrsrpsrprssp,246
h,107,prsssrrssrrspsrprrpssrrrssrsrspssrrsspsppspsrppssprrrrrrrrrsssrrsspprpsspprsssprsrrpsppprppsrrprsppsrrsssrrsssprrprprspsprpppssspssrpprpsrrrpsrprrprprprrrsrrrssprrrpssssprpsprrrssppspsprsrppsppprppprsrrrppppsrrpsspprpsrpprsprrssssppsrsppsrrrsrppsrpppsrrrrsrsrpppsprpspspsspprpssprprpspppsssrpsrsrrprr,248
h,108,sprrppprprppsppsrsppsprpssrrprrsrrsprssssprrrrprsspsprsrrsrppsspssssrssrrspsrrpsppprrprrsrrsssssrssrrrrprrpsrrsrpppspssssrppspppsrsssprrprrrpprppprsrrrsprpsprspprrsrprrpppssssssspsrrrpssssprrpsrssspssrrppprrrrppsprrspprrsspssprpsrrspprprrprrssrrpprprssprssprppsrrsrprspssprrpppssssprrrspspppsrssssssr,266
h,109,rssrsrsrprrssrsrsssrprrpsssprprrpsrrsrsrsrsrrsprssprppsprrrspppsrppsppsssrrssppsrprsrspprsprsprprprppsssrppsppsrprsspprspprprprsrrsprrppsprsppprrrprsprsprpspprpsssrppprrsprprrssrrpssrrspsprsprrprppsrprsrssrpsrprsprprrrrrpsrppssrpssspsrsprrprspssssrsrsrspsrprppspspprsrssrsprspprrssrrprssprsrrpspspprp,270
h,110,srssrrsrrsrsrsrsrsrrrsrsrsrsrrsrssrsrsrssrssrssrrssrsrsrsrsrsrsrsrsrsrrssssrssrrssrssrsrsrsrsrsrsrsrsrsrsrsrsrsrsrsrssrsrssrsrsrsrsrrsrssrsrsrrsrsrrsrrrrrrrsrssrssrrssrssssrsrsrsrsrsrrsrsrsrsrsrsrsrssrsrrsrssrsrsrsrsrsrsrsrsrsrsrsrsrssrsrsrsrssrsrsrrsrsrrrssrsrsrssrsrsrssrsrsrsrsrsrsrssrsrsrrsrsrrsr,271
h,111,rrsprprsppsrprpsrprsprprsprprsprpsrpsprpsrppsrprsprpsrprpsprpsrprsrpsrpprsprpsrprprpsrprpsprsprprpsprsprpsrpsprpsrpsprpsprpsrpsprpsrpsprprsprssrpprsrpsprpsrpsrrspprsprsprpspsrprsrprpsprppprsprpsrrrrrspsrpprpsprprprpsppsrprpsprpprprrprprprsppspspspsrprprpsrpsprprpprspprrsprprsppsrprpsrprsprprsprprspr,298
h,112,pprppsprssssrsspsppppprpssssprrsssrpprppsprrsrpsprrsrspsssprssprrspsrpsprrsrrsrrsppspssrrrsssrpppsrpprrsrssrrprssspsprrpsrppsrrrprspprsppprrpsssrrpsrrprrrsssrsspsprsspsppspsppspspsprpsprssrrprrrssrsrsprsrspsprssppssrpssrsppsssrppspsssrppspssrppsrsppprprprpsrrpppppprssssrrsprsrpspprrrrrppppsrrsrpprrp,314
h,113,rsrssppspsrsrsrsrspsppsrsrsspppppppprsrsrsrsrsrsrssrrspppsrsrsrsrrsrsspspspspssrsrsrrssrrssspspsppspssrsrsrrssrsrsrsrrsspspprprpprppsprpsprpspprpppsppppprppppprpsprpppprssprrrpsppsprpsrrrrrsssppppprpspprpprpppprrrspprppppspprpppsspprprprppssprpsprppsprprpsprpppspsprprrppspsprpspprprppsprpprprppppppr,320
h,114,pprssrsrrprsrrppssrprprrrprsrsssppsrpsssspsssppprprpsprppprspprrrsrrrrrprrpspprsrsppsrsppprrrpsrsrrpsppppsrsprrsprsrprpsrrrsppspspprrsrsrpsrrprsrpsrprprpppprpsprssrrssppsprppprssrsrpsprpprsrssrprprpspsrprpppsrrrpprsprssrrrsrpppsrspssrspspsprrsppsrpprspppsrsspsrppsrpsppsppsrrspssrspprssssrpsrrprrsrss,327
h,115,ppsrsssrsrprsprprrsrrppsrsspsssspsrsrrrsrssspppprprprrsrrpsppppspsrsprssrrpsrprrssppspsrrprpppspsrsrrsssrsrssrpsprssrsrssspsprsssspprsrprrrssrspsspsrsprpssrssrprsrsspsspppppsspsrrrsppprprpsprsrppsrpsrprsprssssrrprspsrsrprrspsprrppppssppspprpsrppprsrssppprprrprsspsrsrpsrrsssrspsprsprsrspspsrpprrrrrrr,329
h,116,rssrpsssrpsprssrrrsssrsrspsppsrrprrprprspprprrrsprpprsrsppprsrpppsrrrspprrpppprrrsppprrrrssrrrprsspsprprprrrspsrrpsrprppprsrsprpsrrppssppprrrrrpsspppprpsspprrsrrsspssrpspssprrprssrrssrrrpssprsrsrsrspppsprsrpsrrrspsrpsprrrssrprprrrsrrrssrsrppsrpssrrrprrpprsrsrrrrpppprprspspprpsprrspprrsrpsssppsrrsprp,329
