m,0,sppsrssrsrsrssrprprssrpssssrpppssprrrppssrssrrsrprrprsrrsprsssrpsprprrprssspssprsrsrprrrsssrspsspprsspsssrrrpprrrpsprrpsrrrrpprrpsprrsrrrrspppsppsrprrrrrrrssrspspsrrpsrrsrsprpssrpsprsprrrrrsprrsspspsrpspspsprrrpprprsprsrsrppppspprprpprrpprpsssprpsprsrrpsrprssssprrrrprpssrsssppsppsrpsrrrrssrpssppsssr,2989
m,1,rrsrspsrrssrsrrssrrprprsppspsssprrrspsspsssppsrsprprrrrpssrpspsppsprrrrprpprpssssrpsppspsrspsrprprpsssrrsspspsrpppprsrsrsrspsrrsspspprrsrrssrprppsrpspspsrsrpssprprsprsssprrsppspsprpsrrrrpsspppsrsrprspppsrssppsrpsrsspppppsrrrssprrrrrsrsprprsrrssspssssrrpsrprsssprsssspssrsrrssrspsprrrppppssspssprrprsp,2989
m,2,rspprsprppprsprsrpprsprppsrpprprpprpprpsrpspprpprpprrprppprprppspsrpprprpsprpsprprpprspprsprsprppsrprspprsprpsprpprpspppppspppprpprpsprprprspprsprpprprprprpprprsprrspprprspprsprpspprrspprprsspprpsrprspprspprpsrpprprsprspprspprpsprpsrpsprpsrpprppprsppprsppsrprprspprsprsprspprprsprpprpprsprprsprpsprpr,2989
m,3,prprssspspsssrpsrsrrsprrsrrrrrrprrppsrsrprsssprsrpsrrprspprrsrpssssrsrspsppprssrppssspsrrrsrpsrprpsppsprrrsrrsprsrprprpsppsrrrprprsrpprsprrrrprrrprrsspsspspprrpsrrrpprrpsrsssspsrsrsprprpppsssrsssprspsrprsspspsppppppprrrpssrrrprrrssrssrprpspppsrsspsrprrprsrsrppprprspsppsssrsrsssprppprssrppsssrprprrpp,3044
m,4,prpsprpspsrsrssrsrrspsprppsrpsrprppsprppsprpspsprppspssrpspprpsprpspssrsprsssprpsppsrppspppsprpsrspsrrrsrsrrrrsrpprpsrprpsrpsppprsppppppsrsrsrsrssssrppsprssrpspspsppprrspprrsprssrpsprprprspprrpspspssprprpspsrpspssssrpsppprpsprpsppsrpspprpprppsprpprppsprppsppprsrsrsrprprpspprprsprppsprpsprsprpsprsrpr,3044
m,5,srprpsrsprpsprprsprpsprssprsprrprpssrprppprrrspsrprspsrpsrpsrprspsrpsrpprsprspsrpsrpsrpsrpprspsrprspsrpsrpsrppsrpsrpsrpsrpsrpsprpsrprpsprpsprpsrpspspspspsprprpprpsrpsppsrprsprppsrpsrpsrprpsprprspsrppsrpsrpsrprsprpsrpsrpsrprpsrsprpsprprsprpsprssprsprrprpssrprppprrrspsrprspsrpsrpsrprspsrpsrpprsprspsrp,3093
m,6,psprsprpsrpsprpsrpsprsprpsrpsprpsrpsprpsrpsrpsprpsrpspsrpsrpspspsrppsprpsprpsrppssrprpspsprpsrpsprprpsrsprsprpsprpsprsprpsrpsprrpsprpsprpsprrpsrpprrpspsprsprspsprpsrpsprpsprsprsprpsprsprsprpssprsprpsprsprpsprpsrpsprsprpsprsprsprpsrpsrpsprsprpspsrpsprpsprpsprsprpsprprprsprpsprsprpsprpsprspprpsrpsprps,3093
m,7,sspsrpprspprrrpprrrpsrrrrprrrsprrsrpsrpspsrrrsssrspsrssspprrpsrprrrrprsrpssprrrrprsrrsssssrpssssrprpprpprprssspprspspprrrsrsrsrsspsprrssrrrspppsrppsprssssssprrprrrsrpsrppppsprspsppssppsspsrsssprsrrrppprspsrprprrppprsrssssrssssrrrpsspppsprrprspsrpsrpprprrprsrrppsppsspsrpprsrpprrrrrrpprppprspppsssppsp,3096
m,8,srprsprsprspsrprsprsprpprsprsprsprsprpsprsprsprspprpsrpprsprsprpsrprpsrprpsrprpsrprsprsprsprpsrprpsrpsrprsprsprpspsrpsrprsprspsrprsprsprsprspsrprpsrprsprpsrprprppsprsprprsprspsrprpspsrpprpsrpsrprsppsrpsprpsprpssprpspprpspprpsrpppsprpsprprssrpprspsprpprpspprpsrppsrprpsppsppsprpsprprspsprpsrprspprsprp,3096
m,9,rsprpspspprpsppspprpsrppsrprsprpspsrpsrpsrprsppprpppspprprspsprprspsrppsrprsprspsrppsrpsrpsrpsrppsrpsrpsrprsprsppsrpsrppsrprsprspsrppsrprspsrpsprprpsprpsppppprpspsprprpspprspsppspsrprppsrprsppsrpsprprspsrprsppspsrpsrpprspsrppsrpsrpsrpsrprsprsprsppsrprsprspprspsrprspsprpsrspsrppsrpsrprspsrpsrprsprspr,3096
m,10,rpsrpsrpprsprspsrprspsrpsrpsrpsrpsrpsrpsrpsrpsrpsrpsrpsrpsrpsrprsprspsrpsrpsrpsrprspsrprspsrpprsprsprpspsrpprsprsprsprsprsprsprsppsrprprpsrprspsrpsrpprspsrprspsrpsppsrpsrprpsrprsprspsrpsrpsrpsrpsrpsrpsrprsprspsrpsrpsrprsprsprsprsprsprsprsppppppppsrssrsrrssrprppprsssssrsrrpsrprspsrpsprpsrpsrprpsrpsrp,3096
m,11,rsrrprrrpssrrrprsssprsrrpprprssrprsrsprpspprpprpprsssssrssspppprppprsprsrprppsppspsrrrsrspssprssrprssrsrrpspssprrsspppsprrsrprspssrpssrsrpppprpsrprpsspspssssprsprrssrrsprpsprprsrprsprrrspsrsrrsrppprsrsrsprrsrrsrprppppsrssrsrrpspssppsppprsrrsrrppssssssrsprprrrpssrpppsssspsrrppprpsrpsrpsrssssppppprsrp,3096
m,12,srppsprsrrspsppsrrsrrssprsrpsrprsrrsrrpsrrrrrsprsppppssspsrsrsrsssrssssssrspspppprpppprrrrssprrrspsssrpsssssspspssrppprspsssprrsprsrprsrpsrrrssrsrppssrpsrspsrprprsprpprrsrpppssrrssrpsprrrsrprrspppssrprsprrprpspsssssrrsppssspspsrrssspspppprspprsrppppprprprrsrsprprrrpprsrpssrspprspsrssssrpspprpspsppss,3145
m,13,ssrsprsrsppspssppsspspspsrpssssppppsrrpsssrssrrssrpprsrprspprrrppprsssppprprpppprsrssrprpsspssrrppsprspsssspsrsrpspspspppsssrrsrppspsrsrrsssrssprprrrsrrsppsrrppssrrrrsprpspppssrsrsrppsppprrrsrspppsrsppsrsrsrsprsssppsrssrsrsssprrrprpssrrrrrspsppprrprsprsprssrspsssspsppsrrpppssprpsspppsrsspprprrrsrpsr,3145
m,14,pssrrrrpspprsprrprspsssrpssprssppspsppprrpsspprrspssprrrrspppsrpssprrssrsrrpspprsspsrrpssppsrpprpsspsrrppssrspspsprprsspsprrrprppsprppsrsssrrprssrspsrpsspprrrssprpsrpssrsrsrrsrssppsprrprpsrrprrpsssprpsspsprssppsssrprrsprppprprsrrppprspprsrsprrsrrssrrssrrssrpprrpspsssrrprssrsssspsrssrsppsrppppspssppp,3145
m,15,pssrprrsspprsrpsrrsssrsspspsspsprprrsrsprppppppsrsssprrpspsrsssrrrprssprrsprrpsrssrsppppssssspsspprrsspppspspprrrrrrsrrpprppssrrprrsprrpspprpsrssrsssspprprsrrprssssrrssprsspssrrsspprspssspssrrpsprsssrrspssrrsrspsppppsrrrprrspsprspssppsrrprrrsppsppprprrsrrspprspspssrsrsrrpssrrsspsssprsrsrrsrspssrsspr,3145
m,16,rrrrrrrrrrrrrrrrrrrrrrrrrrrrrrrrrrrrrrrrrrrrrrrrrrrrrrrrrrrrrrrrrrrrrrrrrrrrrrrrrrrrrrrrrrrrrrrrrrrrrrrrrrrrrrrrrrrrrrrrrrrrrrrrrrrrrrrrrrrrrrrrrrrrrrrrrrrrrrrrrrrrrrrrrrrrrrrrrrrrrrrrrrrrrrrrrrrrrrrrrrrrrrrrrrrrrrrrrrrrrrrrrrrrrrrrrrrrrrrrrrrrrrrrrrrrrrrrrrrrrrrrrrrrrrrrrrrrrrrrrrrrrrrrrrrrrrrrrrrr,3148
m,17,ppsprpssrprpprssssprprpppprsrrsprspssppssrppsrrprsssrrspssrpsssrrpprpspprssrpsrrsprrrrppsrspprrrrrprssspppsprspsrpprpssrspspprpppssrsssspssprprpspprssrpprrrspsprpprprspprsrsrsrprsrsssssrrppprrppppsrssppssrsprrrrrpsssrpspsppprpprsrprpsrrspprsprrsrrsrsprpprrrrrssrsprrrpsrsspprsssrsprrsprsrrprrspssrpss,3189
m,18,rpsrprpsrprpsrpsprprpsspprprpspsrprrsssrprpspsrpsrpsrpsprsprspsrprsprspsrpsprspsprsprspsrpsrpsrpsprspsrprprspspsrprprspsrprpssrprpsprpsrpspsrprpspsprprprpspssspspppprspsrprrprsprsprpsrprsrprpsrpsrprpsrprpsrpsprprpsspprprpspsrprrsssrprpspsrpsrpsrpsprsprspsrprsprspsrpsprspsprsprspsrpsrpsrpsprspsrprprs,3196
m,19,rsppprspppsprsppssrppsprppppspppsrprsrssprprsprssrprpssrssprpprrpppsrsrpsspspsrrrpsprrssspprpprrrrrprrsrprrsssrsrppssprrssrprprprpsrprpspsrsrpprsrprpprsprsrrsrssspsssrpssrprsppppprrssprprppsrrsprrspprsprrspppssssspsrprprsrsrrsrrpprrssrpssrppssppprpsrrrprssrpprprrsppsrsrrprrsrppprrppsrrpprrprsssrsrpp,3196
m,20,sprprssrrppppsrrrsprsrpsrspprsppssprprspprssprprsprsprssssprppppspprrpsrprsrrrpsspsssppspppsrrpppsrsprsppsprpsrprrrrsrpsrrprsrssrppsppppsrpsprprspssrprrrpsppssrrrssssrrpsrrpssprrsrspssrrsrrrsrprrsrssrrpspppspssrppsssrpsprpssrrpsrrpssppsrrsspsppprsppprsrprspspppspprppprrrsprsppprsrprpsspssspsrrrpsrpr,3196
m,21,srrrspppssssrprrssspsrrspprrrpssspprrspsssrpssrsrsspsssspppsssrrprprsrsrsspspsspsspprppsrrrppsrpsprspssssrrpspsssrpprppprsppsrprpspsrrprrprsrrrspspssprrrsrsprssrssprsrprrspsspsrpsrpsssprpppppsrpssrspprrpprprsrsrprrpssprspssssrsrspppprrrrprrspprrrsprrpprspsrrrpprprrpssrrsrrrsrrpspsrrpsprpppssspssrrpr,3196
m,22,ssssssrsprppsprsrpsprsprpsprpsprsprsssssssssssprpspprpprrpspppsprsprsrssprprprppsprpprppsppspsrpspprppppssssssssssssrrrrrrspspsprppsprsprpppsprpsprpsrppsprsprppprsprpsprsprprpsrpspprsprpppsrpsprpsrpsprpsrpsrpspprpsprpsprpsprspsrpsprspprssrppprsppppppsrrrrrrrrrrrrspspsprpsrpsprsprpsprprpprprprprprpss,3200
m,23,prssrpsrrsspssrssrrssssspssprpspprsprppsprrrpsprsrsprspprpprrprpsrprpppppppspprprpsssrsprssprsrssssrspsrprprrsrspsrspppprrrppsrsssrpspppspppsrrssrsrpprspppspsrrrppsspppssrssrprpprspprprsssrspssrprrrrrsrrprpsprsrprsrpprsssssrspprpppprrssrrppprspsprprssppprrrrpssrrrspprsprpppsprsrrprrrsrppssrspssssssr,3200
m,24,rpsprsprpsrpspprprpsrpsrpsprpsrppprsppsrsrssrrrspsrppsrpsprpsrprspppsrprsrpsprspsrpsrpsrprspsrssrrrspprpsrpsrpsprsprpsprsprpsrspprpspspsppspprprprpprpspspsprpppppsrprrrsrsrsrprpsprpsprsprpsrpsprpsrpsprpsrpsrpsprpsrpsprpsrprpsprpsrpsprpsprprpsprpsrpsprsprspsrpsrprpssrpsrpsrprpsrprprsprspsprprspprprps,3242
m,25,sprpsrpsppspspsrprprprprrrspsppspsrppsrpsprpsrpsprppppsprpspsppsprprprpspspspspsrprprpspspsprprpspspsprpspsrprsppsrprppssppspspspsrprprpsrprprpsprpprprrrrsrsrsrsrsrpprprprprpspsrppsrpsrpsprspsrpssprprsprpprsprpsppsrpprsprprrrsprpsrpprrrsprpsrprpprsprpsprsprprprrppsprprprpspspspprprpsprprrprppspspspr,3245
m,26,sprpsrprsprspprpsrpsrprsprprpsrprpsrprsprpsrpprspsrprssrprspsrppsrprspsrprsprprspsrprsprsprprrprprprprprprpprprprprprprprprprprprprprprprrprpprrprprprprprpprprprprprprprpsppspsprpssprpspsrprspsrpspspprspsppsrppsrpsppsrpsprsprprpsrpsrppsprspprspsrppsrprpsrpsrpsrpspsprspsrprpsrpsrpsrpsprpsprpsrprsprsp,3245
m,27,sprpsrpsprpsrpsprpsrpsrpsrpsppppsprpppsrppppsrpsrpsrpsprpsprsprpsprpsrpsprpsrpsrssssssssssssssssssssssssrpsrpprpsrpsprpsrpprpsrpsrppprprprpspsppsrpsrppsrpsrpsprppprrrrrrrrrrrrrrrrprrprrrpppppppppppppppppppsrsrsrsrsrsrsrsrsrsrsrsprppppppppppppppppppppppppppppppppppppppppppppppppppsrsrsrsrsrsrssssssss,3248
m,28,sssssssssprrrrrrrrrrrrrrrrrrrrrrrrrrrrrrrrrrrrrrrrsssssssssssssssssssssssssssssssssssssssssssssssssssssspppppppppppppppppppppppppppppppppssssssssspssssprrrrrrrrrrrrrrrrrrrrrrrrrrrrrrrrspppppppssssssppppppppppppppprrrrrrrrrrrrrrrpsssssssssssssssssssprrrrrrrrrrrrrrrrrrrrrrrrrrrrrrrrrrrrrrrrsssssssssss,3248
m,29,srprpprssrsrpspprrpprprprrppssrpprppspprpprrsrrssrssrppsrrrrssprspsssssprprrpprpsssppsrrrrsrsrpsppprrppsrsrppsppprrprssssrprsrrssrsrrrppsrrrsrrrspsprrsrprssspprssprrrssrppssssppppsrsrrssppsppprsrrrrrppsrspprrsrppsrrsprsrrrsrrppssspprrpsrprssrsrppprsrprrssrrsrppsspsrrrppspsspsppspprprpprssrppsprprssr,3248
m,30,rsprpsrrrsppsprpsrpsrrssrsrsspssssppspsssrpssrrprsrrpprssrpprpsrppppppspprsprsrppsspssrpspprrrsprspprpsppprrspssprpprrprrrrpspspsprsspssrssprsspprpsrrrrrpspsrspspsspsppsrrrsrrsprpprrppsspsrrsrssspsprppssppsrrrpssspspsppspssrprrsrspspprrrspsppprrrpsrrsprssrprsrpsppsrpppprrspssspprrrspsspsrrprpprsspsp,3248
m,31,ppssssrsrsrpspssssrsrsrprprrsrsrsrssssrsrprrrprrsrsrsrsrpsrprprprsprsprsprsprsprsprsprsprpsrprprprpsrprsprsprpsrpsrpsrrsrsrsrsrsrsrsrsrsrsrppppppppsssssssrrrrrrrsrsspsprsprpsrpssprsprsprprsprsprprpppppsrrssrsrrrrsrsrsprprprsrsrpsrpsrpsrpsrsprrprprprrrrprspsprsprpsprsprpsrpsprpsrppprpsprsprpsrpsprspr,3248
m,32,rsrprrpsrrpsrpspprprppprpprrprsrrppsrrrssrpsrrrssrsrssppppspsrsppsspssprpsrrsspsrspspssrssppprssrsssspspsssrssprrsrprssrrspppppsppsrsssrpprprppprrrsrpsrsrspspprppsrpspprppsrprppprsprrrsppssrrrsppprsssrsspsprsrppssrspsrsprpprsrppsrsssspspsrprrpsrrsrsssrrpsspssrrrspprrpssrspssrssppsprrssrrrppprrpsrssr,3248
m,33,prssppspprrsrrrrprrrspssrrpsrprrprppssrpsspprspprrpsssrrrrrrpsrrprprsssrpprsssprprppsrpsspspsrspppppsppsprrprsssrssrrsprsssrprsssspsrpsrsssrpspprrrssprssrsrssssspsspsppsrsppsprrsrssprrpprssrpssrsrrpsrppsprrpsspsprrsssprrsrprpsrprssssrprsssprsspsprrpspsspprspsrsrrsssprsrprsssppsrrsssrrssssrrpspsprrsp,3248
m,34,sprsprpsrpsrprprprpspsprpspspspspsprpsprsprpsrprpsprsprpsrpsprpsrppppppsprpsrspsprsssrpsprrprrrsprsrsrpsrsrpsrpspsprprsprpspsprprprprprrrrrrrrrrrrssssssssssssrrpsrpsprpsrpsprspprsprsprpsrpsrprprprpspsprpspspspspsprpsprsprpsrprpsprsprpsrpsprpsrppppppsprpsrspsprsssrpsprrprrrsprsrsrpsrsrpsrpspsprprsprp,3248
m,35,rsprppsrsrsssrpssprpprprsrrspprsrrpsppprpssrpprprsppprsspssppsrrssrsprrspsppsssrppsspssrsppssppprpsrrppsrssrrssrrrrprprspssrsrpsrrprppsrsprsrrsppsprrrrsrsrpssprrprsppsrrrrspsrrsrrrpsrrrpprssrprrrsrrsrrprprssprppprspsssrpppssssrrrrrrssrsrrprpsrspprsrrprrprprssrrrrrrppspprppsrsssssssrprspprsspssrsrssp,3276
m,36,spsrprspsrprsprsprsprsprsrppsrprsprprrppsppspspsprpppppppsprrpsrprsprspsrpsprpsrrsprsprsprspprsprspsrpsrprspsrprspsrprpsrpsprspsrprsprspsrprpspsrpsrprprpprprprpprprprprprprppppppppppspspspsppspspspspspsppspspspspspspspsppspsppsspspprrprprprprpprprprprprprprprrpprrsprsprsprspsrprsprspprsrspprspsrrpsp,3291
m,37,srspprrsprsrspspsrsrpprssppsrrsspsssprprsppssspsspssrsprssrprsrrssssppssprpspppprsrsrsrrprrsrspsspsrsppssrpppsprprpprssppspppppprrsrrsrsssrpsrrpprsspprpsprprpsprrrprpppsspsprsrpprrssspssrrsrspspsrprprsprpssprssprprsprrsrssppppssppspsspsppsrrprprrpsrprssppspprrppspprssrpssrrpsrsprsprrprrprppssrrprsrr,3294
m,38,psrprpspsrpspsrpsprpprprprpspspsspspsprprprrprprrpspspspspsprpspspspsrppspsrpspsrpspprprspsprpsprprpsprrrrrrppppppssssrrrrpsprpsprpsprpsprprpprprrprrrrrssssppsprpsrpsrpspsprpsprpsprpsrprpspsrpspsrpsprpprprprpspspsspspsprprprrprprrpspspspspsprpspspspsrppspsrpspsrpspprprspsprpsprprpsprrrrrrppppppssssr,3294
m,39,srrrpsprppsrpssprprprprpsssssssprpsrppsprsprpsprpsrsrsrsrrrprspsrpppsprpsprsrprprpprpsspssprprrpsprpsrprpsprpsrrrprpspssrpsprppprpsprpsrpsrrpsprrpsprpsrpspsrpsprpssrrprprppprpprpsprsssssrprprprsprpppsppssrrrpsprppsrpssprprprprpsssssssprpsrppsprsprpsprpsrsrsrsrrrprspsrpppsprpsprsrprprpprpsspssprprrps,3297
m,40,prpsprsprpsrprspprsprpsrpsprpsrpsprpsprpsprsprpsprsprpsprpsprsppsrpsprspspprpsprspspspspppsrpsrsprspprrrrspsrpsspssssprsprprpsprpsprsprsprpsrpsrpspspsprspsppprsprpsrpsrpsrpsrpsprsprpsprsprpsprsprpspsprpsrpsprsprpsppsppsrprprpsprsprprpsrpspsrprpsprpsrppspsrpsprpsrpsrpsprpsprpsprsprpsprpsprsrpsrpsprsp,3297
m,41,ssssssssssssssssssprpprprpprpsprpsprpsrpsprpsprsprpsprsprpsprpsprsprpsprprpprprpsprpsprsprpsprpsrpsprpsprpsprsprpsprpsprsprpsprpsprssprpprprspprpsprpsprsprppsprsprpsprpsprsprpsppsrprspsprpsprpsrpsprpsprppsprspsprpsprpsprspsrpsrprspspprprprpsprsprpsprsprpspprpsprsprpssrsprpprprprpspsprpspprpsssssssss,3297
m,42,ssssrrrprrsrprpsspspprppprrsrpprpssrrrprrpssrrppssprspsrsrrrpppspsssppsprpprppsrrpsspprsssrrpppsrprppssppppprppprrrssssrrrrppppprssssrsrpssrsppsprpprrpsrprprrrppssppssrpsrrppprrpssssrrrsspssprsrpsrrrspsprrrspsssprpprsprppprpprrsrrprsrppsrrsrrrsrpspprrpspsprpprrsrsrssprsspssspsprprpspsprssspsppprprrp,3297
m,43,rprsrpsprsprspprsprsprsprsprpsrspsrrpsprsprspprprprspsrprsprsprsrsprsprsprsprrsprsprspsrprprsprsprsprsprsprsprprpsprsprsprpsrpsprsprpsrpsprsprssrprppsrprsrsrsprsprspprsrsprsprspprsprsprpprsprprpsprpprspsprrpprsrssrprpsrprpsprpsrprprprsprpsprsprrspprrprrsprsprprprpprspsrspsrprspprsrssrrsprsprpsprsprs,3334
m,44,sspspsprpsrpsprsprpsprpsrpsrpsprpsrpsprpsprsprpsrpsprpsrpsrpsrpsprpsrpsrpsrpsprpsrpsrpsrsrsprsprpsprsprpsrpsprpsrpsprpsrsprpsprpsrpsrpsrsrsrpsrpsprpsrpsprpsprpsrpsprpsprpsrsprpsrpsprpsprsprpsprpsprpsprpsprpsprpsprpsprprpsrpprpsrpsrpsrppsrpsprpsrpsprpsprpsrsprpsprprrprprprprprprprpspsppsprprppprpspsp,3338
m,45,rrsrprrssrssppppprpspsrssssrppsprpsrsspprrrrpsrsrrrrpsssrrrsssppspspssrprsrssrrsprsrsrrpsrsprppprrrsrrrssrrsprrsrspssrspssprssrspppssrprsprprspssrsrsrprrrpprprrssrrsssrspsspsppppprprrsrrsrrpppsssrsrpsprrssssprrsppprrrssssppprprssrppssrrpssspsrsrssrpsprrsrrsprsrrssppprrrssprrpssprsprprsspsspsrrsrrpsp,3342
m,46,sprpsprsprpsrpsrpsprpsrppsrpsprsprpsrpsprsprprprprprprpsrppsrsrpsprsprsprpsprpsrpsprpsrpsprpsrpsprsprpsprpsrpsprpsprpsprpsrppsrpsprpsprpsrpsprpsprsprpsrsrpsprpsrpsprpprprprprpsprpsprsprpsprpsprpsprpsprpsprspprpsrpsprpsprpsrpsprpsprpsrppsprsprpsprsprpsprpsprpsprpsrpsprpsprpsrpsprpsprpsprspprsprpsrpsp,3342
m,47,rrrpspsrpprspsrpsrpsrpsprpspsprpsrprsprpssrpspsrpsprsprpsrpsrprpsprprsprpsrpsrpsrpspsrprpsrprsprpsprsprsprppprspsrpprspspsspsssrrpprpsrprsprprprprpsprpsrpspprpsrprpsprsprprprpsrprprppsrpsrpsrprsppppsrppsrprsprsrsrpprpsrprsprspprpsrppsrprprpsprprpsprpprrsprpprpsprpsrpsprprpsprpsrprspprpsrprsprpprprsp,3342
m,48,spprspsrprsprspsrpsrprprrsprpsrpssrprsprsprsprsprsprsprsprsprsprsprsprsprsprsprsprsprsprsprsprsprsprsprsprsprsprsprsprsprspprsprsprsprsprsprsprsprspprsprsprsprsprsprsprsprsprsprsprsprsprsprsprsprsprsprsprsprsprsprsprspprsprsprsprspsrprspsrprsprsprsprspprsrpsrpsrpsprpsprsprpsprsprpsprsprpsrpsprsprpsr,3380
m,49,rpsppsrsprrsrrrpppsssrpspsprrrsssssrrrpprssrpsprrrsrrprspsrssrsprrrppprsrrrssprrsppsssrspsprsrrprpprrpsrsprrrpprsrsrrsspsrsrrpsrrrpsspprssppprrprrpprpsrrrrrssrpsssppsrrspprrpssssrrrppppsrpprsrpprpsrrssrppssrsprsrssspsppsprrpsprsssssrpsspsrpsrspppsrrsppsrppsrrsssrppsrprrpsprprrprspssspsssrrsrrsrsprsp,3388
m,50,psprpsrpsprspppsprpsppsrsrpsprsprpsprsprpsprpsprpsprpsprsprsprpsprpsrpsprpsrpssrrsrrsrpsprsprpsprpsprpsprpsrpsprpsprpsprpsprpsprpsrpsprpsprpsprpsrpsrpsprpsrpsrpsprpsprsprpsprppsrpsprpsrpsprpsprpsprprsprpsprpsprpsprsprpsprpsprpsprpsprpsrpsprpsprpsrpsprpsprpsprsprpsrprprprppsrspsrprprprprprprprppppppp,3406
m,51,rppsrpsprpprspprpppsprpspsrppsrpprppsrpprpprppsrpprpprsprprpspsrppprppprpprprprpsrprsprspprsppsrpprpprrspprsppsrprprpprpprsrprpprsprprpsppprprpprprpsrppsrpsprprrsprsppsrpprsprpprspprppppsrppsrpprspsrprppsrprspsrpprsprsprpspsrprprspprsprspprspprsprspprsprsprprpsprsprsprspprsprpprsprppprsppsrpprspprsp,3416
m,52,ssrrprspsrrrsrssrprrsrprpssspprrrrspspprssrsppssssrpsrssrppssrsprpprsssrpsprrsrpsspsrsprrpprsrrsrpprsrrrprppsprrsrrpssprrprsssrrrsrpspsprsrrrprrrrsprpssspspssprrsssprsprpsspsspsrrpppsprrpprspppsrpspsssrsrprssrsrpsprprsrrsrrrrsprrrrrsrprprssprprrpppppprrsssrrrrpsrrssprsrpsppprrrppspspssrsssrrspprsrps,3440
m,53,pspsrsrsprspsrsrssrrpspspspspspsspspspsrsprspspsprssrpsprsprprpsrpsprpsrpprprpsrsprprpssssssprpsrpsrprppprrrrrrrrpsrprpprspsppsprsprspprsprsprpsrpspprpspppsrpsppppsrssssrrrsrpsrpsprsprsprpspppsrsrsrsrrrrrrrsssspppsspspsppsprsrrsrsrsrsprsprpsppsrpsprpsprsprpsrpsprsprpsrpsprsprpspsprpsrpsprsprpsprsprs,3485
m,54,spsppssppsrpsrprppprpssrrrrsrsssssppssrprsrsrpssrsrrrspspprpsrprppssppsrsssssrrrsspsprrrpspsspssspsrpsrrpprrpssprrpsrsrsprssrrrprsppprssspppsrrprsspssppssspspspprsppsspprrpppprpsrssppsppprpsprspprrrrsprrpprrrppprprsprpssssssrrssspprpprprrrsprsrrpppsspsrsppprrrprsrpsrspsrprprpprrsprrprpsrpprrrrpsssps,3517
m,55,srprpsrpsprpsrprsprpsprspsrpprspprspsrprspsrprsprspsrprsssssssssssssssssssssssssssssssssssssssssssssssssssssssssssssssssssssssssssssssssssssssssssssssssssssssssssssssprssprpsrpsrprpsrpsprpsrprsprpsprspsrpprspprspsrprspsrprsprspsrprsssssssssssssssssssssssssssssssssssssssssssssssssssssssssssssssssssss,3570
m,56,sssrprrspsssprssppspsssppsppsrsrrprssrpsssprsrprrssrrpsprrsssppssprppsssrssrpsrpspppprpssspspspppppssrpsrrrrspprrspprssprrrsprprrrprrppsrspsspprsrsrsrrrspsrsppssspprsprpsprpsrspppppspssrrssprrsrsrsrrrpppssrpsprprrpssssrrrssssrrssrssspprsrsrpssrsprrrppsrspspspssppspspspprpsspsrpprprrrpssprrsspprrrsss,3649
m,57,prprprprrssssrprrprssprrsssrsssrsssrprsrrppsrpspprsrpspprppssrssrrrsrpspsrrrrpsprprsprprpprsrpsssssrspsprsprprsprpspsrrsrspsrsrsrrprrrpppssspprpsrppppppsspsrsrssspprprrrrprrrpsrppssrrppspprpppssrssrrrrsssspspssrsrpspsssprpssrppsrprssspspsrsprsprpprrsrssrprpsrssrrssrrspssrsrrpsprrprrprssrrrrsrpppsssr,3662
h,58,sssspsrrprprpsrrpprprrpprspssprprsrpsrsprrsrpprrssspsrssprssrsrrrsrrrrsssrrrpppssrrspsrprrsprrssrsrprssrssprrrpprsrpsrppsppsprrrrprrrpsprrrppsrprpspsprsspssspsssrspssrrrpssprrsrpppspssppspsrsrsppssprsspppsrpspsprsppsprsssspssprpsrpprrspsrspssrspprrpsprrrssrrsrprprpprssspprppsrprspspppsrsrsrrrsrpssrp,3765
h,59,prpsprpsprpsprpsprsprpspsppsprspprrprpsppsrpsrprsrpsrsprsssrpsrprprspsrprsprsrsrspsrpsrsprpsrprsppsrpsrprssrpprsrsprsrpsrsrsrspsrpsprsssssspsppsppppsrrpsprprrprssppspsrpppspssspsprsrsprsprsppsrsrsrpprspsrsrprspsrppsrsrppsprpsrsprpsrpspsppsppsspspsrprrrrrprrrrrrrssrsprsppsrpsrppsrpsprpsprpsrssssspspr,3823
h,60,ssrprrrrrppssrsrpppsrspsrrrpsspprsssrssrpsrrrrrssprrrsrpsrspprrrsrrprrrsrprprrprprpssrpssrsprsrrsrsprsrrrprrsssssprsrsprppsrrrrsssssrrssspppspppssrrrrrrrrspsspsrrpprppsppsssrssspprrssssrsspppprsrrssrppprssspppsprprpprrrsspsspppspsrrsrpppsrpsrpspprprsrrpspsrprsrrppsrprsspprpsssssrsrrprpprprpprsrprsps,3873
h,61,pspsrpsprpsrpsrpsrpsrpsrpsrprpsrprsprsprpsrspsrprpsrrsrspsrpsrsrpsrpsrpsrpsrprspsrprsssrprppsrprsrrsrpsrprrrrsprspsprpspsrpsrpsrpsrsprpsrppsrpsprpsrpsrprsprpsprsprpspsprrsprspsrpsrpprsprpssprprspspsrprsprsprsprspsrprsprsprsprrpsrrrsrspsrpsrsprsprsrpsrpspsrpsrpsprsprspsrpsrpsprsprpsrpsrpsrpsprprsrspr,3957
h,62,rsprsprsprsprsprsprsprsprsprsprsrpsrpsprspsrpsrspsrpsprprspprpsprsprpsprspsrpsrpspspsrpsrspsrspsrprpsrpsprsprpsprsprsprsprsprsprsprsprsprsprsprsrpsrpsprspsrpsrspsrpsprprspprpsprsprpsprspsrpsrpspspsrpsrspsrspsrprpsrpsprsprpsprsprsprsprsprsprsprsprsprsprsprsrpsrpsprspsrpsrspsrpsprprspprpsprsprpsprspsr,3987
h,63,rrrrrrrrpppppppppssssssssssssrrrpssssssssppppppppppprrrrrrrppprrrrspspssssssssrrrrrrrrrpssrpsrprspprsppppppppsssssrrrrrrrrrrrrrrrpsppssssssssssssssssssssssspppppppppppppppppppppppppprrrrrrrrrrrrrrrpppspppsssssssrpsrrrrrrrrrrrrrrrrrrrrrrrrrrrrrrrrrppppppppppppppppppppssssssssssssssprpsrspspspsssssppp,4797
h,64,rpsppssrsrsppprsrsrrpspssrspppprprspprrspppsprppssprsrpsssrspspsrssrpspsprppprppsrsrsssppspsrsprsprppsssrrpssrppsspsrssssrsrrppsppprrsspprsrprsssrsprssrspprrspsprspppssrsspsspsrsrppsrrrrppsrrsprrssspsssrspprrrppsrsrpssrpsrrprrsrrpsrprprsrspspsrsprprrrspprrrrppppsprrspsrpspspspsprsrpsssrspsprpsrprrrs,7482
h,65,sprrsrsppsspspssrprprsppssrrsppppsppprspprspssrrrsprrrspprrpprrrrrrsspsprssrsprpsppspspspprppsprpssrprppsrsrrspspsspprppsrssrspssrppsprsppprrppsppspprspppprprsppprpsssssppsrrssrrrsrrrssspppprspsrsrssrrprrpsrprssrrprrrrrrssprrpssrpsppsrsrpsrprssspssrrssrrrrpssrssrprrsprprsssrrpsprrrrspsrpsrsprppssrpr,7697
h,66,spssspsppsrsprprpprprprpspsrprsssssprprpppspprpprppprrrrrspssspsppsspsprpprppsprpsprpsspsssprpprppsssppprrrpsssprprprprpsssppppprprpprrrssssssrrrrrrrrrrrrrrrrrrrrrrrrrrrrpsprprpprrrrprrprpsrpsspsppspsrpsprpprrrprprrprprpspssrprrsprsprpsprpspprpspsrpspspssppspspsppspspsprprprprpspspsprprpspspssssrprp,8201
h,67,rprssprpssssprppsrsrpsrpsssrpsrppprrprprrssppspprrsrpsrsrprsppsprrrrsrpsrrsprrssspspprrrrssprsprssrrrprpssrrrsppppsssrrspsppspssrssrrrprrrrsrrrssprpprprssppsrsrsrrrsrrprpsrrprppspspssprsprrprrssrprrssprprrpsrppprrppssprrrssrrprrsprprpsrpsssrpprssspprrrsspsprppprspppsssrprpppsssrprpsssppssprsspsssprr,8354
h,68,rrsrpsprrspspppspssrrrppssrsrpsrprspsprrrpppppppprrrsssppppppspsrsrrsspppprsrsprprprpprpprrprrprrrrpsspsrprpsprsrpssppsrrsrsprpprpppssprsrsrrppprppsrrpprrpprpssrprprsrprprspppsspsprpprrprpsrpsppsppspsrrsppprprprpprrrsprrrrrspssrpppsspssrpsrrppsprrrpsrppsrprpprspprrsprsrprsrssssrrspsrppppppssspprrsrp,8838
h,69,prspsrprspprsrpspsrprprpsrprsprpsppppppppppppprsprsprspsrprsprsprprspsrprspprsrpspsrprprpsrprsprpsppppppppppppprsprsprspsrprsprsprprspsrprspprsrpspsrprprpsrprsprpsppppppppppppprsprsprspsrprsprsprprspsrprspprsrpspsrprprpsrprsprpsppppppppppppprsprsprspsrprsprsprprspsrprspprsrpspsrprprpsrprsprpsppppppp,8845
h,70,spsrsppprspprrrrssssrrrrrssrprrpsrsrsppprrssprrspssspsppssssppsrsrspsrpsrpsspsrsrpprppsrprssppprprpsppppprpsppsrrpssrssprprspppsrprspppprpprrppsrpsspssssssrrssspprsrrrpprssrpssrsspppspsrsprsprprssssprrpsspspssrsrrrpppsprrspssrssprpsrssrprrppprprppssppsrrspsppprspsrssrspsrpspssrrprspsrrrpprsrppprprrs,9179
h,71,psrspsrspsrsrsrspsrsrsrsrsrprprprrsrsprprprprprsrsrsrsrsrsrsrspsrsprprprrsrsprprprprprsrsrsrsrrrprrsprrsrspsrsrsrsrsrsrpsrspsrspsrsrspsrsrspsrspsrspsrsrsrspsrsrsrsrsrprprprrsrsprprprprprsrsrsrsrsrsrsrspsrsprprprrsrsprprprprprsrsrsrsrrrprrsprrsrspsrsrsrsrsrsrpsrspsrspsrsrspsrsrspsrspsrspsrsrsrspsrsrs,9244
h,72,prprpspsppsprprsprprpsprspprprsprprprspsrprpsrpsrprspsrppsrprpsrpsrprspsrprpsrpspspssssppprprspspspspspsrprspsrprspsrprpsrprsprpsrprprsprpsprsprpsprpsprpsprpsprpsrprspprssssprpprssprprssprsprpsrpsrppsrsrppsrprsprsprspsrpspsppspspspspsppsprrrrrrrrspprspsrpsrprspsrpsrpsprsprprpsrpspspsrppspspsprprprrr,9824
h,73,rsprsrpsprpsrpsrpsprsprpsrpsprsprpsrpspprppprppprpspsppspspssppsrpprsprpsrpsprprprpsprpsrpsprprprprsprpprprprpprppspsrprsssrrpprprrpsrprsprsprpsrpsprsprpsrpspprpsrpsprpsrpsprsprpsrpsprpsrpsprsprpsprsprpsrpsprsprpsprsprpsrpsprsprpsprsprpsrpsprpsprsprsprpsrpsrpsprpspsprsprsprpsprsprpsrpsprpsrpsppspsss,10019
h,74,rrrsrpprrrppprpsppsprprpspssprsrprsrrpsprppssrpspsrrrprrrsssrpspprpsspsssrsprrpppssrpppprsrrssrpsrrspppssrpprssprssrsssssspprprsssrppprrpssprrsrrrrssssrsprpsprrsrpppspsppspprrrspsssrrsprppsrssrpppssprsppsssrprrrprrrrprssprrspppsrppsrsssprrsrrpprsppprrrssprrrpsprprrssrsprrppsrspppsspsprpprsssrrpspsrp,10313
h,75,ppsppssssrssrsrrspsppspsprpssrrrsprppprprprprprssssrsrsrssrrpprppprrrppspspsprpprprsprpsrprppsrpsprpsrprsrpprpsrpssrrrspppspsprprprpspsppspspppsppssssrssrsrrspsppspsprpssrrrsprppprprprprprssssrsrsrssrrpprppprrrppspspsprpprprsprpsrprppsrpsprpsrprsrpprpsrpssrrrspppspsprprprpspsppspspppsppssssrssrsrrsp,10469
h,76,ppppppsppspsprsprpsrpsrpsprsprpsprsprpsrpsprspprppspsppspsprprprprprprprpsprsprsprsprpsrpsprsprpsrprprprpsprsprpspppppspppppsprpsrpsprsprsprsprpsrpspppsppsrpsprpsrpsrsprpsrpsprppsrpsprpsprprpsrppsprpsprsprpsprpspppsppsprrprprpsppspsprpppppprsprpsprsrpppprppsprprpsrpsprpsrpspspppspprrpsprsprppspppppp,10654
h,77,spspspspspsprprprprprprprpspssrsrsrsrsrsrsrsrsrsrsrsrsrsrsrprprprprpsrpsprsprpsprsprpsprsprpsprsrpsprsprpsppspspspspspsprprprprprprrpspprpsprsprpsrpsprpsprsprpspspspspsprprsrsrsrsrsrsrsrsrsrsrsrsrppspspspspspspsprsprpsprpsrpsprpsprsprpsprsprsprpsprpsprpsrpsprspsrpsprsprpsrsprpsprsppspspspsppspspspsp,10680
h,78,psprsprprsprsprsprpsprpsrrpsprsprsprsprsprspsrpsprsprspsprprprspsrprsprsprpsrpsrpsrpsrpsspspsrprprprprspspsprrsrsrprsprspspspspsprprprrpppprrsssspspspspsprrrrppspspspspspspprpsprppsrsprsprpsrrprsprspsrpprsprspsrpsrprsprsprsprpsrpsrpsrsrpsprpssprprsprprsprsprpprpsprpsprpsprpprpsrpprsprprspsrprsprpsps,11210
h,79,rprrrspspssrpsrsssprpssrsrprrppssrssrrspppprprpprprprrrpsprrsrsprrrsrrrrpprpssprprsrrprrspprrpssspsrpprsspssrsrpssrrrprpsrrprprspspspsrsrsssrrrrppsrssrrspsppprprrrprrrrrprprsrsrrrrrprspssssssrprsppprpprsrrrpprprsssrsssrpsrspsrsrppprssspsssppprrprppspprpspprspsrprpsspsppssrrrpprppppsppppsprspprrrrrrp,11500
h,80,rrpprrrpsppppprspsprsrssssspspsrspsrpsrsrsppssrprsrsspsrprprsrrprrsssrrsrprrspprpsppsssrppppsprrssrrrrprrrsssprsrspssprpsrspppprspssssrsssspppspsrrsrpsssprrrrprsrprsrpsrsppsrprsrprrppsrssrsspsspsrrsrprpsprprssrrpppsrpppsrssppprsrrpsspsrspsprsrrpsrsrpsrsrsrrspprprppprprrspsssssppprrrprsssrsrprrpssppr,12610
h,81,pssrppssssprrsprrpprspsrsrrrrsprrspssssrrrspprrssrpsprpsssrrprpsrsrrrpprrppsrrprpsrrspppppsrrprsrppsrsrpspsssrpssrssrssrpsrsrsrrpssppsppspsrpsrrpssrprrrspsrspsrsprrrrsppsssrsrssrssprrrrprrprpsrssrrrpsrspsspprsppsppssssspsrrppsrppppppssrpprprsrsrsprrssppspssrsrsrrssspsrsrrsspsspsrspspppsrprrprpppsprp,12911
h,82,ppsrpprrppsprsrppssrpppppsssrsrprpsprrpsrrprrprsrpsrsrsppsrpprprsprpprrpsrprrpspsprpprpprsppsrrsrsspprrrssrsrrrrsrsrprpsprspsrprrsprrpssrprrpsrsrrpprprspppppppsssppssprspprssprrpsrrspsssrpssrprsprsrrsssrpprrpsrprrrsprssppsrsrpprrrrrrprrsppprsssspssspssrrpsprsrprrprsprrrrssrsrrrrrprrsprppsppprprsrpps,13072
h,83,prsprsrrsprrrrspsssrprrprppsprsssspppsrprprrrsrrsppprrrsrsssrppsrssrprrprpsrsspsrrprpsrpprsrrspssrspppssrrpprrppppprsspssrrrspprsssprprsssspsrrsrppprrprpspspppspprprprsrpsppsssrrsrppsssrsprsssprpssrspsrrpsrssrspsssrrspsssprrrsrrrrrprsspsrrsprsrppsrprrspprsrspppprsppppspssprprrpppprprsssprrrsrrrpprss,13158
h,84,prrppspssspspprrrrppspsspsspsrpsppsrsrsprsppprpprsrpsrprspppsprsrrsspprsppppsrrrpsprsrpppppssrsrpsrsrprpsrrrssrrssssrsrprrpspspspssppsppsrsprrsrsrpssrrpppsspprpssprprsrrprrsprsrrprsssrrsspprsrprprrrrppsrrsppsrsrssprrsrrpsspsssrsrpsrrspppppsprrsrrrpsprpppprrssrrrsrsrspsrssrsrprsrsssprprpssrrsrrppsrrp,13210
h,85,prssprrpssprsprpsrpsrpsrpsrpsrsprpsrpsrprspsrpsrprspsrpspsrprsrpsprsprprprsprsprprprprssrpsrpsrpsrpspsrpsrpsrpspppsprsprsprsprpsrpsrsprprpsrpspsppsrpsprprsppspsspsprrspsprsprsprpsprsprpsrpsprpsrpsprpspsrpsrprsprrpsprpspprppsprpsppsprpsprsppsrpprsprpsprspprspprpsrpsprpspsprpspprprpsprprsprprpspprspsp,13239
h,86,psrrpsprsrsrrprspprspssssrrsrrrssprprsspprrrppspssrrpprspsssrpssrprspsrrrpsppsrrrsppspssrprrrprpppsppssppspsssrsppsrpprspspprrsrrsppspsrrssssrsrrrrrprprprsppprprpprprrrrssprpsprssssrrpppprsprspsrprsspspspprspsspprsppsprsppppprrrrssrrpsprsssppsrrrrpsssprsrrsssrrrrsppsrrsssppprsppspppppsssspsrrsrpprrp,13303
h,87,rpsrpsprsprpsprsprsprpsprsprpsrpsprsprpsprpsprpsrpsprsprpspsrpsprprsprpsprpsprpprpsprprprprpspprpsprppsprpsrpsrpsprpsprpsrpspprpsrpsprpsrpspprprsprsprpsppsprpsprprprpsprsprpsprsprpsrpspsprpsprpsrprspsprpsprpsprsprsprpsprsprpsrpspprsprsprsprsprpsrpsprpsrpsprpsrpsprpsrpsrprspprsprsrpsprpspsprpsprspspr,13812
h,88,rpsprpsprprsprpsprprpprpsrpprsprprsppsrprpsrpsprpsrpsrprsprpsprspsrpsrpsrpsrpsprpsrpsrpsrpprspsrpsrprsppsrpsrpsrpsrpsrpprsprspsrprspsrpsrppsrpsrprsppsrpsrprspsrpsrpprspsrpsrpsrppsrpsrpsrppsrpsrpsrppsrpsrpsrpsrpprsprspsrprspsrprsprpsprspsrpsrppsrprprsppsrpsrpsrpsrpsrpprspprprpprsrrrrrrrrrrrrrrrrrrrrr,14666
h,89,rprspsprrpsprsprsprsprprrrrsprpsrpspsrpsrpsrpsrpsprsprpsrpsrpsprpsrpsprsprpsrpsprpsrprrpsprpsrprprprpsprsspsrprpsprpsrpsprpsprpsrpsprprsprspsprspprprsrpsspsrpsprpsrpsprpsrpsprpsprpsprsprpsprpsprpsrpsprpsprprpsprpsprsprrpprssrpsrprsprspsrprppsrpsprspsrprsprpsprspprspsrpsprpsprpsrpsrprpsprpsrprprpsrpr,14921
h,90,psppprsrprpssrprsprpprppprrpsrssprrprpspsrppsssprrsrsrsprppprprrsrrsssrspsspspppppssssrrrrppspssppppspsrssrssrsrsrssprprrrsssprprssrsssrrrsrpspssrspsrrppprrrsrrrpspsspppssrsrsrrsrrssprsrrpppprprrpspprsrprpsppsspsrsrprrpsprspsssprpsprprpspsspspppprssssrrrpsrsrpssrsrsssrsrspsssprrpspssrrpspppppsrppspr,15908
h,91,ppppsspsrrsrrpssrspsrpsrssspsppssspspppsprrpsprrrpsrrpprprsppsrpsrspprpsrprsrpssspsrprsprrspsssrprrsrrrrppsrpprsrssrspsprrsspsprsrppsrrrsprsrrsrpsrrpspprrrrsrprprpspsrrprprspspprprssrssrpprpssprspsrprpssppprpppppspprrsprrprrprrpssrrprrpsprsrrrspspsrspsssspsspprrppsrsssprrrsspsssrrsrssrspprsssppssrrp,16157
h,92,sprspsprpsprsrpsprsprsprsprpsrpsprpsrpsprsprpsprsprpsprpsrpsprsprspprsprpspsprsprpsrpsprsprsprpsrpsprpspsprsprpsrpsprspprspprpsprsprsprpsprspprsprpsprsprpsprsprpsprpsrpsprsprpsprsprpsprsprpsprsprpsprspprsprpsprspprsprpsprpsprsprpsprpsppsrpsprsprpsprspprsprpsprsprpsprsrpsrsprsprsprpsrpsprsprspsprpspr,16675
h,93,prsrprpsrsrpspsrsrrsppsspssrrpsprppsrrpsrspsrrsrsssrrspprrrpprrpppsrpspspprprrprrpspssrsrpsprsrrrpssrrpprrsrrsprpsspsprssrrpspppspprsrpppprsppsrpprsprpspprrsrssrspssprssssrspsrrsspsspsssrrssrrrrsssspprrrssrrpprrprpprrppssprrpppspsprssrspssssrrpprspprprrssrsssrssrrrsssssrpprpsrpspprrrpprprpprrsrrspsp,16716
h,94,prsprpsprpsrpsprsprpsprpsrpsrpsprpsrpsrpsprpsrpsprpsrprprprprsprprprprprprprprprpprpsprpsprpsppppsprprprprpspsprprprpspsprprprpspsprprpsprprpsprprprprprpspsrpprpsprspsrsrsprsrpsrpsrpsrpsrsprsrpsrsprsprsprsprpsrpsrpsprsprsprpsrpsprpsprsprpsrpsrpsprsprpsrpsrpsprsprpsrpsprsprpsrpsrpsprsprpsrpsrpsrprpsp,17692
h,95,srrsrrsssppsppprprprprrrsssrsrrsppppprrrrrrsssrpspspspspsrsrsrsrsspspspprprpppssrsrrsssssssppprpprprrrrpppppspsppsprrsrpsprpprpsppsprpprrpsrrsrrssssspppspspprrppprrrrrrrrrpppsssrssrpspprsrppprprprrssrpprppsssrrrrrssppspsppsprprrprrpppppsssssrrrrrssppspspprrrpsprpprppssrsrrsrrsssppsppprprprprrrsssrsr,18635
h,96,srprsprsprsrpsprspprsprpspprpsrpprsprpsrprsprsprsrpsprspprsprpspprpsrpprsprpsrprsprsprsrpsprspprsprpspprpsrpprsprpsrprsprsprsrpsprspprsprpspprpsrpprsprpsrprsprsprsrpsprspprsprpspprpsrpprsprpsrprsprsprsrpsprspprsprpspprpsrpprsprpsrprsprsprsrpsprspprsprpspprpsrpprsprpsrprsprsprsrpsprspprsprpspprpsrppr,19180
h,97,rprpsrprprprprprprprprprprprprpsrprprprprprprprprprprprprpsrprprprprprprprprprprprprpsrprprprprprprprprprprprprpsrprprprprprprprprprprprprpsrprprprprprprprprprprprprpsrprprprprprprprprprprprprpsrprprprprprprprprprprprprpsrprprprprprprprprprprprprpsrprprprprprprprprprprprprpsrprprprprprprprprprprprpr,20048
h,98,rprpsrprsppprsrppsrssrpspprssrsrprrrprssrrrppsrrprrppppppsrrrpppssspsrrppspprpssspsrpsrspssssssrrrpsrrrpssrpspprppsprspsssspssrrrsppsspssrrsrrsprrprppsrsrrrpsspsrrppsprspssppppsrrrssrpsrsssrppspspspsppppprpsrpppppsprsrrsrrsppsprrsprrssrrpprsrrpsprrrpprrsrrsrsssrsrsrsppsspsppprpsrpsrrrsrrpprprrsprprs,20338
h,99,srpsrpsprsprpsrpsprsprpsprpsrpprpsppsrsrrrrppppppspspspppsspprrppsprsprpsrpsprsprpsrpsrpsprpsprpssrpsprpsrpsprpsprprsprsprsprsprsrsprsprsprsprsprsprspprsprsprsprsprsprsprsprsprsprsprsprsprsprsprsprsprsprsprsprsprsprsprsprrprprprprpprprprprprprpprprprrprpppssspsspsprprprpprpsprpsprsprsprpsrpsrpsprspr,20340
h,100,rrsrrpprsppssprsrrsrrrrsrsspprprsrpssrpsrrprpsrspssspprpssrprrsrpprrpsprpspprsrprssrpsrrsrssprrrsspppsrsrpprssrsrpppsprprrpsrspprssprrrppsssssrssppsprspsrpsppssrprprsrspsrrssrrpssspspprprrrrprssrrrspsrsrsrprrrrrpsrrrrrspprrrrrrrspsrprsrrrpsspsprssspspsrsssrsrrrpspprsrrrrssrpsssrrsppppssrpsrprspsssrs,20873
h,101,sprprprprpsprprpsprpsprpspsrsrsrspsrprpspspspspspsrsrsprprprprprprprprprppspspspspprpsprpsprprprprprprppspsspspsppssrsrsrsrsrsrsspspspspsppspsprprprpsprpsprpsprpsrprppsprprsppspsrpsprpsprpsprpprprprprprprprpspspppppspspsprprpsprprprpsprpsprpsprpsprprprprprprppsprprprprprprprprprprprprprprprprprprpps,23488
h,102,srsrspsprsprrppppsrspppprsprsrsrsppprsrrspsrprppsppsspsppssrrspsssprprrprrpsrrrrspprppprspprspsprsrsprssrrpprrssrsppspssrrppppprrrppppprppsrsssprrprrsssrsppsssrssrrppprsrsspspprrsrrsrrrssprsrsrprppsprrpsrrsprprsrpppprprpsssrsppssprrsrppspsppprsspsrpprsrprssssppsrppsrrppppsprrrssrspsspssrspprsspspprs,24071
h,103,srspsprsssprsrsprsrsprppsprprppsssrpsrrprprpsspssprrrpsssprrpsppsrpsrssrspsspsssrrrsrspsssrpssrrrrpssprpprrrssrpsssrpspsrssrrsrrsppsprrrpprssrsrrprpprsrsrprprspsssrppssrspsrrrrpsprrrpsrsrprpssrrpsrprpsrrppsrppprsssssprspprsrprrpsrppsrppssrprrpsppsrprrsrsrrrsprssrrrrprrrsrsrrrpsrprpsssrpspsssppprrprp,24347
h,104,sprpsrpsprpsrppsrpsprpsrpsrpsrpsprsprpsrpsrpsrpsprsprpsrpsrpsprpsrpsprsprpsrppsprpsrpsrpsrpspspsrprpsrpsprsprpsrprprpsrpsprpsrprprpsrpsprsprrpsrprpsrpsprpspspspsrpsprsprpsrpsprpprsprpsprpsprpsprrpsprpsprpsppsrpsprpsrpsprpsprpsrpsrpsprpsrpsprrpsprpsprpsprpsprprprpsprpspspsprprprprrsrsprpsrprsprpsprpr,24937
h,105,sssprsssrsrrrssspppssrsprsrsrspsrsrrpspsrssrrrssrsrpspssspppspssrsrrsrrprrrspprrssrssrpssrspprsprpppprspsrsrrrpssrspprrpsrsprrsspppssppssssssprpspsrrrssrsprprprrrsppssprprspsrssssrprrspspssppsprpprrppssrrrsppsppspppsprspssrsrprssspprspsssspspprprrspspppsppprsssppsspspsrpsrsssrrsrprssssrsprspprsrprrr,25137
h,106,prssspspspspsprppsrrprsprsprsprpssppsrspppspspssrrpspsssppsprrsssspsssprrrprprpprsprsrrrprrrppsrpprrsssssrpsspsrrrpsspsspprrprrpsrsrprssrrssppsprsprsrrsrrrpssrspsrrppppsrsrrrrrrpspspprpppsprprrssrpsrssspsspppssrspprrppssrppsrssprrsrsspsrrrrppprrprrpprrspspsspsrrsrrprsrssrsppsrrrpprrsprsprrsrpsrprssp,26009
h,107,prsssrrssrrspsrprrpssrrrssrsrspssrrsspsppspsrppssprrrrrrrrrsssrrsspprpsspprsssprsrrpsppprppsrrprsppsrrsssrrsssprrprprspsprpppssspssrpprpsrrrpsrprrprprprrrsrrrssprrrpssssprpsprrrssppspsprsrppsppprppprsrrrppppsrrpsspprpsrpprsprrssssppsrsppsrrrsrppsrpppsrrrrsrsrpppsprpspspsspprpssprprpspppsssrpsrsrrprr,26530
h,108,sprrppprprppsppsrsppsprpssrrprrsrrsprssssprrrrprsspsprsrrsrppsspssssrssrrspsrrpsppprrprrsrrsssssrssrrrrprrpsrrsrpppspssssrppspppsrsssprrprrrpprppprsrrrsprpsprspprrsrprrpppssssssspsrrrpssssprrpsrssspssrrppprrrrppsprrspprrsspssprpsrrspprprrprrssrrpprprssprssprppsrrsrprspssprrpppssssprrrspspppsrssssssr,28627
h,109,rssrsrsrprrssrsrsssrprrpsssprprrpsrrsrsrsrsrrsprssprppsprrrspppsrppsppsssrrssppsrprsrspprsprsprprprppsssrppsppsrprsspprspprprprsrrsprrppsprsppprrrprsprsprpspprpsssrppprrsprprrssrrpssrrspsprsprrprppsrprsrssrpsrprsprprrrrrpsrppssrpssspsrsprrprspssssrsrsrspsrprppspspprsrssrsprspprrssrrprssprsrrpspspprp,31196
h,110,srssrrsrrsrsrsrsrsrrrsrsrsrsrrsrssrsrsrssrssrssrrssrsrsrsrsrsrsrsrsrsrrssssrssrrssrssrsrsrsrsrsrsrsrsrsrsrsrsrsrsrsrssrsrssrsrsrsrsrrsrssrsrsrrsrsrrsrrrrrrrsrssrssrrssrssssrsrsrsrsrsrrsrsrsrsrsrsrsrssrsrrsrssrsrsrsrsrsrsrsrsrsrsrsrsrssrsrsrsrssrsrsrrsrsrrrssrsrsrssrsrsrssrsrsrsrsrsrsrssrsrsrrsrsrrsr,33318
h,111,rrsprprsppsrprpsrprsprprsprprsprpsrpsprpsrppsrprsprpsrprpsprpsrprsrpsrpprsprpsrprprpsrprpsprsprprpsprsprpsrpsprpsrpsprpsprpsrpsprpsrpsprprsprssrpprsrpsprpsrpsrrspprsprsprpspsrprsrprpsprppprsprpsrrrrrspsrpprpsprprprpsppsrprpsprpprprrprprprsppspspspsrprprpsrpsprprpprspprrsprprsppsrprpsrprsprprsprprspr,36644
h,112,pprppsprssssrsspsppppprpssssprrsssrpprppsprrsrpsprrsrspsssprssprrspsrpsprrsrrsrrsppspssrrrsssrpppsrpprrsrssrrprssspsprrpsrppsrrrprspprsppprrpsssrrpsrrprrrsssrsspsprsspsppspsppspspsprpsprssrrprrrssrsrsprsrspsprssppssrpssrsppsssrppspsssrppspssrppsrsppprprprpsrrpppppprssssrrsprsrpspprrrrrppppsrrsrpprrp,37672
h,113,rsrssppspsrsrsrsrspsppsrsrsspppppppprsrsrsrsrsrsrssrrspppsrsrsrsrrsrsspspspspssrsrsrrssrrssspspsppspssrsrsrrssrsrsrsrrsspspprprpprppsprpsprpspprpppsppppprppppprpsprpppprssprrrpsppsprpsrrrrrsssppppprpspprpprpppprrrspprppppspprpppsspprprprppssprpsprppsprprpsprpppspsprprrppspsprpspprprppsprpprprppppppr,39058
h,114,pprssrsrrprsrrppssrprprrrprsrsssppsrpsssspsssppprprpsprppprspprrrsrrrrrprrpspprsrsppsrsppprrrpsrsrrpsppppsrsprrsprsrprpsrrrsppspspprrsrsrpsrrprsrpsrprprpppprpsprssrrssppsprppprssrsrpsprpprsrssrprprpspsrprpppsrrrpprsprssrrrsrpppsrspssrspspsprrsppsrpprspppsrsspsrppsrpsppsppsrrspssrspprssssrpsrrprrsrss,42952
h,115,ppsrsssrsrprsprprrsrrppsrsspsssspsrsrrrsrssspppprprprrsrrpsppppspsrsprssrrpsrprrssppspsrrprpppspsrsrrsssrsrssrpsprssrsrssspsprsssspprsrprrrssrspsspsrsprpssrssrprsrsspsspppppsspsrrrsppprprpsprsrppsrpsrprsprssssrrprspsrsrprrspsprrppppssppspprpsrppprsrssppprprrprsspsrsrpsrrsssrspsprsprsrspspsrpprrrrrrr,44208
h,116,rssrpsssrpsprssrrrsssrsrspsppsrrprrprprspprprrrsprpprsrsppprsrpppsrrrspprrpppprrrsppprrrrssrrrprsspsprprprrrspsrrpsrprppprsrsprpsrrppssppprrrrrpsspppprpsspprrsrrsspssrpspssprrprssrrssrrrpssprsrsrsrspppsprsrpsrrrspsrpsprrrssrprprrrsrrrssrsrppsrpssrrrprrpprsrsrrrrpppprprspspprpsprrspprrsrpsssppsrrsprp,59133
