label,0,sppsrssrsrsrssrprprssrpssssrpppssprrrppssrssrrsrprrprsrrsprsssrpsprprrprssspssprsrsrprrrsssrspsspprsspsssrrrpprrrpsprrpsrrrrpprrpsprrsrrrrspppsppsrprrrrrrrssrspspsrrpsrrsrsprpssrpsprsprrrrrsprrsspspsrpspspsprrrpprprsprsrsrppppspprprpprrpprpsssprpsprsrrpsrprssssprrrrprpssrsssppsppsrpsrrrrssrpssppsssr
label,1,rrsrspsrrssrsrrssrrprprsppspsssprrrspsspsssppsrsprprrrrpssrpspsppsprrrrprpprpssssrpsppspsrspsrprprpsssrrsspspsrpppprsrsrsrspsrrsspspprrsrrssrprppsrpspspsrsrpssprprsprsssprrsppspsprpsrrrrpsspppsrsrprspppsrssppsrpsrsspppppsrrrssprrrrrsrsprprsrrssspssssrrpsrprsssprsssspssrsrrssrspsprrrppppssspssprrprsp
label,2,rspprsprppprsprsrpprsprppsrpprprpprpprpsrpspprpprpprrprppprprppspsrpprprpsprpsprprpprspprsprsprppsrprspprsprpsprpprpspppppspppprpprpsprprprspprsprpprprprprpprprsprrspprprspprsprpspprrspprprsspprpsrprspprspprpsrpprprsprspprspprpsprpsrpsprpsrpprppprsppprsppsrprprspprsprsprspprprsprpprpprsprprsprpsprpr
label,3,prprssspspsssrpsrsrrsprrsrrrrrrprrppsrsrprsssprsrpsrrprspprrsrpssssrsrspsppprssrppssspsrrrsrpsrprpsppsprrrsrrsprsrprprpsppsrrrprprsrpprsprrrrprrrprrsspsspspprrpsrrrpprrpsrsssspsrsrsprprpppsssrsssprspsrprsspspsppppppprrrpssrrrprrrssrssrprpspppsrsspsrprrprsrsrppprprspsppsssrsrsssprppprssrppsssrprprrpp
label,4,prpsprpspsrsrssrsrrspsprppsrpsrprppsprppsprpspsprppspssrpspprpsprpspssrsprsssprpsppsrppspppsprpsrspsrrrsrsrrrrsrpprpsrprpsrpsppprsppppppsrsrsrsrssssrppsprssrpspspsppprrspprrsprssrpsprprprspprrpspspssprprpspsrpspssssrpsppprpsprpsppsrpspprpprppsprpprppsprppsppprsrsrsrprprpspprprsprppsprpsprsprpsprsrpr
label,5,srprpsrsprpsprprsprpsprssprsprrprpssrprppprrrspsrprspsrpsrpsrprspsrpsrpprsprspsrpsrpsrpsrpprspsrprspsrpsrpsrppsrpsrpsrpsrpsrpsprpsrprpsprpsprpsrpspspspspsprprpprpsrpsppsrprsprppsrpsrpsrprpsprprspsrppsrpsrpsrprsprpsrpsrpsrprpsrsprpsprprsprpsprssprsprrprpssrprppprrrspsrprspsrpsrpsrprspsrpsrpprsprspsrp
label,6,psprsprpsrpsprpsrpsprsprpsrpsprpsrpsprpsrpsrpsprpsrpspsrpsrpspspsrppsprpsprpsrppssrprpspsprpsrpsprprpsrsprsprpsprpsprsprpsrpsprrpsprpsprpsprrpsrpprrpspsprsprspsprpsrpsprpsprsprsprpsprsprsprpssprsprpsprsprpsprpsrpsprsprpsprsprsprpsrpsrpsprsprpspsrpsprpsprpsprsprpsprprprsprpsprsprpsprpsprspprpsrpsprps
label,7,sspsrpprspprrrpprrrpsrrrrprrrsprrsrpsrpspsrrrsssrspsrssspprrpsrprrrrprsrpssprrrrprsrrsssssrpssssrprpprpprprssspprspspprrrsrsrsrsspsprrssrrrspppsrppsprssssssprrprrrsrpsrppppsprspsppssppsspsrsssprsrrrppprspsrprprrppprsrssssrssssrrrpsspppsprrprspsrpsrpprprrprsrrppsppsspsrpprsrpprrrrrrpprppprspppsssppsp
label,8,srprsprsprspsrprsprsprpprsprsprsprsprpsprsprsprspprpsrpprsprsprpsrprpsrprpsrprpsrprsprsprsprpsrprpsrpsrprsprsprpspsrpsrprsprspsrprsprsprsprspsrprpsrprsprpsrprprppsprsprprsprspsrprpspsrpprpsrpsrprsppsrpsprpsprpssprpspprpspprpsrpppsprpsprprssrpprspsprpprpspprpsrppsrprpsppsppsprpsprprspsprpsrprspprsprp
label,9,rsprpspspprpsppspprpsrppsrprsprpspsrpsrpsrprsppprpppspprprspsprprspsrppsrprsprspsrppsrpsrpsrpsrppsrpsrpsrprsprsppsrpsrppsrprsprspsrppsrprspsrpsprprpsprpsppppprpspsprprpspprspsppspsrprppsrprsppsrpsprprspsrprsppspsrpsrpprspsrppsrpsrpsrpsrprsprsprsppsrprsprspprspsrprspsprpsrspsrppsrpsrprspsrpsrprsprspr
label,10,rpsrpsrpprsprspsrprspsrpsrpsrpsrpsrpsrpsrpsrpsrpsrpsrpsrpsrpsrprsprspsrpsrpsrpsrprspsrprspsrpprsprsprpspsrpprsprsprsprsprsprsprsppsrprprpsrprspsrpsrpprspsrprspsrpsppsrpsrprpsrprsprspsrpsrpsrpsrpsrpsrpsrprsprspsrpsrpsrprsprsprsprsprsprsprsppppppppsrssrsrrssrprppprsssssrsrrpsrprspsrpsprpsrpsrprpsrpsrp
label,11,rsrrprrrpssrrrprsssprsrrpprprssrprsrsprpspprpprpprsssssrssspppprppprsprsrprppsppspsrrrsrspssprssrprssrsrrpspssprrsspppsprrsrprspssrpssrsrpppprpsrprpsspspssssprsprrssrrsprpsprprsrprsprrrspsrsrrsrppprsrsrsprrsrrsrprppppsrssrsrrpspssppsppprsrrsrrppssssssrsprprrrpssrpppsssspsrrppprpsrpsrpsrssssppppprsrp
label,12,srppsprsrrspsppsrrsrrssprsrpsrprsrrsrrpsrrrrrsprsppppssspsrsrsrsssrssssssrspspppprpppprrrrssprrrspsssrpsssssspspssrppprspsssprrsprsrprsrpsrrrssrsrppssrpsrspsrprprsprpprrsrpppssrrssrpsprrrsrprrspppssrprsprrprpspsssssrrsppssspspsrrssspspppprspprsrppppprprprrsrsprprrrpprsrpssrspprspsrssssrpspprpspsppss
label,13,ssrsprsrsppspssppsspspspsrpssssppppsrrpsssrssrrssrpprsrprspprrrppprsssppprprpppprsrssrprpsspssrrppsprspsssspsrsrpspspspppsssrrsrppspsrsrrsssrssprprrrsrrsppsrrppssrrrrsprpspppssrsrsrppsppprrrsrspppsrsppsrsrsrsprsssppsrssrsrsssprrrprpssrrrrrspsppprrprsprsprssrspsssspsppsrrpppssprpsspppsrsspprprrrsrpsr
label,14,pssrrrrpspprsprrprspsssrpssprssppspsppprrpsspprrspssprrrrspppsrpssprrssrsrrpspprsspsrrpssppsrpprpsspsrrppssrspspsprprsspsprrrprppsprppsrsssrrprssrspsrpsspprrrssprpsrpssrsrsrrsrssppsprrprpsrrprrpsssprpsspsprssppsssrprrsprppprprsrrppprspprsrsprrsrrssrrssrrssrpprrpspsssrrprssrsssspsrssrsppsrppppspssppp
label,15,pssrprrsspprsrpsrrsssrsspspsspsprprrsrsprppppppsrsssprrpspsrsssrrrprssprrsprrpsrssrsppppssssspsspprrsspppspspprrrrrrsrrpprppssrrprrsprrpspprpsrssrsssspprprsrrprssssrrssprsspssrrsspprspssspssrrpsprsssrrspssrrsrspsppppsrrrprrspsprspssppsrrprrrsppsppprprrsrrspprspspssrsrsrrpssrrsspsssprsrsrrsrspssrsspr
label,16,rrrrrrrrrrrrrrrrrrrrrrrrrrrrrrrrrrrrrrrrrrrrrrrrrrrrrrrrrrrrrrrrrrrrrrrrrrrrrrrrrrrrrrrrrrrrrrrrrrrrrrrrrrrrrrrrrrrrrrrrrrrrrrrrrrrrrrrrrrrrrrrrrrrrrrrrrrrrrrrrrrrrrrrrrrrrrrrrrrrrrrrrrrrrrrrrrrrrrrrrrrrrrrrrrrrrrrrrrrrrrrrrrrrrrrrrrrrrrrrrrrrrrrrrrrrrrrrrrrrrrrrrrrrrrrrrrrrrrrrrrrrrrrrrrrrrrrrrrrrr
label,17,ppsprpssrprpprssssprprpppprsrrsprspssppssrppsrrprsssrrspssrpsssrrpprpspprssrpsrrsprrrrppsrspprrrrrprssspppsprspsrpprpssrspspprpppssrsssspssprprpspprssrpprrrspsprpprprspprsrsrsrprsrsssssrrppprrppppsrssppssrsprrrrrpsssrpspsppprpprsrprpsrrspprsprrsrrsrsprpprrrrrssrsprrrpsrsspprsssrsprrsprsrrprrspssrpss
label,18,rpsrprpsrprpsrpsprprpsspprprpspsrprrsssrprpspsrpsrpsrpsprsprspsrprsprspsrpsprspsprsprspsrpsrpsrpsprspsrprprspspsrprprspsrprpssrprpsprpsrpspsrprpspsprprprpspssspspppprspsrprrprsprsprpsrprsrprpsrpsrprpsrprpsrpsprprpsspprprpspsrprrsssrprpspsrpsrpsrpsprsprspsrprsprspsrpsprspsprsprspsrpsrpsrpsprspsrprprs
label,19,rsppprspppsprsppssrppsprppppspppsrprsrssprprsprssrprpssrssprpprrpppsrsrpsspspsrrrpsprrssspprpprrrrrprrsrprrsssrsrppssprrssrprprprpsrprpspsrsrpprsrprpprsprsrrsrssspsssrpssrprsppppprrssprprppsrrsprrspprsprrspppssssspsrprprsrsrrsrrpprrssrpssrppssppprpsrrrprssrpprprrsppsrsrrprrsrppprrppsrrpprrprsssrsrpp
label,20,sprprssrrppppsrrrsprsrpsrspprsppssprprspprssprprsprsprssssprppppspprrpsrprsrrrpsspsssppspppsrrpppsrsprsppsprpsrprrrrsrpsrrprsrssrppsppppsrpsprprspssrprrrpsppssrrrssssrrpsrrpssprrsrspssrrsrrrsrprrsrssrrpspppspssrppsssrpsprpssrrpsrrpssppsrrsspsppprsppprsrprspspppspprppprrrsprsppprsrprpsspssspsrrrpsrpr
label,21,srrrspppssssrprrssspsrrspprrrpssspprrspsssrpssrsrsspsssspppsssrrprprsrsrsspspsspsspprppsrrrppsrpsprspssssrrpspsssrpprppprsppsrprpspsrrprrprsrrrspspssprrrsrsprssrssprsrprrspsspsrpsrpsssprpppppsrpssrspprrpprprsrsrprrpssprspssssrsrspppprrrrprrspprrrsprrpprspsrrrpprprrpssrrsrrrsrrpspsrrpsprpppssspssrrpr
label,22,ssssssrsprppsprsrpsprsprpsprpsprsprsssssssssssprpspprpprrpspppsprsprsrssprprprppsprpprppsppspsrpspprppppssssssssssssrrrrrrspspsprppsprsprpppsprpsprpsrppsprsprppprsprpsprsprprpsrpspprsprpppsrpsprpsrpsprpsrpsrpspprpsprpsprpsprspsrpsprspprssrppprsppppppsrrrrrrrrrrrrspspsprpsrpsprsprpsprprpprprprprprpss
label,23,prssrpsrrsspssrssrrssssspssprpspprsprppsprrrpsprsrsprspprpprrprpsrprpppppppspprprpsssrsprssprsrssssrspsrprprrsrspsrspppprrrppsrsssrpspppspppsrrssrsrpprspppspsrrrppsspppssrssrprpprspprprsssrspssrprrrrrsrrprpsprsrprsrpprsssssrspprpppprrssrrppprspsprprssppprrrrpssrrrspprsprpppsprsrrprrrsrppssrspssssssr
label,24,rpsprsprpsrpspprprpsrpsrpsprpsrppprsppsrsrssrrrspsrppsrpsprpsrprspppsrprsrpsprspsrpsrpsrprspsrssrrrspprpsrpsrpsprsprpsprsprpsrspprpspspsppspprprprpprpspspsprpppppsrprrrsrsrsrprpsprpsprsprpsrpsprpsrpsprpsrpsrpsprpsrpsprpsrprpsprpsrpsprpsprprpsprpsrpsprsprspsrpsrprpssrpsrpsrprpsrprprsprspsprprspprprps
label,25,sprpsrpsppspspsrprprprprrrspsppspsrppsrpsprpsrpsprppppsprpspsppsprprprpspspspspsrprprpspspsprprpspspsprpspsrprsppsrprppssppspspspsrprprpsrprprpsprpprprrrrsrsrsrsrsrpprprprprpspsrppsrpsrpsprspsrpssprprsprpprsprpsppsrpprsprprrrsprpsrpprrrsprpsrprpprsprpsprsprprprrppsprprprpspspspprprpsprprrprppspspspr
label,26,sprpsrprsprspprpsrpsrprsprprpsrprpsrprsprpsrpprspsrprssrprspsrppsrprspsrprsprprspsrprsprsprprrprprprprprprpprprprprprprprprprprprprprprprrprpprrprprprprprpprprprprprprprpsppspsprpssprpspsrprspsrpspspprspsppsrppsrpsppsrpsprsprprpsrpsrppsprspprspsrppsrprpsrpsrpsrpspsprspsrprpsrpsrpsrpsprpsprpsrprsprsp
label,27,sprpsrpsprpsrpsprpsrpsrpsrpsppppsprpppsrppppsrpsrpsrpsprpsprsprpsprpsrpsprpsrpsrssssssssssssssssssssssssrpsrpprpsrpsprpsrpprpsrpsrppprprprpspsppsrpsrppsrpsrpsprppprrrrrrrrrrrrrrrrprrprrrpppppppppppppppppppsrsrsrsrsrsrsrsrsrsrsrsprppppppppppppppppppppppppppppppppppppppppppppppppppsrsrsrsrsrsrssssssss
label,28,sssssssssprrrrrrrrrrrrrrrrrrrrrrrrrrrrrrrrrrrrrrrrsssssssssssssssssssssssssssssssssssssssssssssssssssssspppppppppppppppppppppppppppppppppssssssssspssssprrrrrrrrrrrrrrrrrrrrrrrrrrrrrrrrspppppppssssssppppppppppppppprrrrrrrrrrrrrrrpsssssssssssssssssssprrrrrrrrrrrrrrrrrrrrrrrrrrrrrrrrrrrrrrrrsssssssssss
label,29,srprpprssrsrpspprrpprprprrppssrpprppspprpprrsrrssrssrppsrrrrssprspsssssprprrpprpsssppsrrrrsrsrpsppprrppsrsrppsppprrprssssrprsrrssrsrrrppsrrrsrrrspsprrsrprssspprssprrrssrppssssppppsrsrrssppsppprsrrrrrppsrspprrsrppsrrsprsrrrsrrppssspprrpsrprssrsrppprsrprrssrrsrppsspsrrrppspsspsppspprprpprssrppsprprssr
label,30,rsprpsrrrsppsprpsrpsrrssrsrsspssssppspsssrpssrrprsrrpprssrpprpsrppppppspprsprsrppsspssrpspprrrsprspprpsppprrspssprpprrprrrrpspspsprsspssrssprsspprpsrrrrrpspsrspspsspsppsrrrsrrsprpprrppsspsrrsrssspsprppssppsrrrpssspspsppspssrprrsrspspprrrspsppprrrpsrrsprssrprsrpsppsrpppprrspssspprrrspsspsrrprpprsspsp
label,31,ppssssrsrsrpspssssrsrsrprprrsrsrsrssssrsrprrrprrsrsrsrsrpsrprprprsprsprsprsprsprsprsprsprpsrprprprpsrprsprsprpsrpsrpsrrsrsrsrsrsrsrsrsrsrsrppppppppsssssssrrrrrrrsrsspsprsprpsrpssprsprsprprsprsprprpppppsrrssrsrrrrsrsrsprprprsrsrpsrpsrpsrpsrsprrprprprrrrprspsprsprpsprsprpsrpsprpsrppprpsprsprpsrpsprspr
label,32,rsrprrpsrrpsrpspprprppprpprrprsrrppsrrrssrpsrrrssrsrssppppspsrsppsspssprpsrrsspsrspspssrssppprssrsssspspsssrssprrsrprssrrspppppsppsrsssrpprprppprrrsrpsrsrspspprppsrpspprppsrprppprsprrrsppssrrrsppprsssrsspsprsrppssrspsrsprpprsrppsrsssspspsrprrpsrrsrsssrrpsspssrrrspprrpssrspssrssppsprrssrrrppprrpsrssr
label,33,prssppspprrsrrrrprrrspssrrpsrprrprppssrpsspprspprrpsssrrrrrrpsrrprprsssrpprsssprprppsrpsspspsrspppppsppsprrprsssrssrrsprsssrprsssspsrpsrsssrpspprrrssprssrsrssssspsspsppsrsppsprrsrssprrpprssrpssrsrrpsrppsprrpsspsprrsssprrsrprpsrprssssrprsssprsspsprrpspsspprspsrsrrsssprsrprsssppsrrsssrrssssrrpspsprrsp
label,34,sprsprpsrpsrprprprpspsprpspspspspsprpsprsprpsrprpsprsprpsrpsprpsrppppppsprpsrspsprsssrpsprrprrrsprsrsrpsrsrpsrpspsprprsprpspsprprprprprrrrrrrrrrrrssssssssssssrrpsrpsprpsrpsprspprsprsprpsrpsrprprprpspsprpspspspspsprpsprsprpsrprpsprsprpsrpsprpsrppppppsprpsrspsprsssrpsprrprrrsprsrsrpsrsrpsrpspsprprsprp
label,35,rsprppsrsrsssrpssprpprprsrrspprsrrpsppprpssrpprprsppprsspssppsrrssrsprrspsppsssrppsspssrsppssppprpsrrppsrssrrssrrrrprprspssrsrpsrrprppsrsprsrrsppsprrrrsrsrpssprrprsppsrrrrspsrrsrrrpsrrrpprssrprrrsrrsrrprprssprppprspsssrpppssssrrrrrrssrsrrprpsrspprsrrprrprprssrrrrrrppspprppsrsssssssrprspprsspssrsrssp
label,36,spsrprspsrprsprsprsprsprsrppsrprsprprrppsppspspsprpppppppsprrpsrprsprspsrpsprpsrrsprsprsprspprsprspsrpsrprspsrprspsrprpsrpsprspsrprsprspsrprpspsrpsrprprpprprprpprprprprprprppppppppppspspspsppspspspspspsppspspspspspspspsppspsppsspspprrprprprprpprprprprprprprprrpprrsprsprsprspsrprsprspprsrspprspsrrpsp
label,37,srspprrsprsrspspsrsrpprssppsrrsspsssprprsppssspsspssrsprssrprsrrssssppssprpspppprsrsrsrrprrsrspsspsrsppssrpppsprprpprssppspppppprrsrrsrsssrpsrrpprsspprpsprprpsprrrprpppsspsprsrpprrssspssrrsrspspsrprprsprpssprssprprsprrsrssppppssppspsspsppsrrprprrpsrprssppspprrppspprssrpssrrpsrsprsprrprrprppssrrprsrr
label,38,psrprpspsrpspsrpsprpprprprpspspsspspsprprprrprprrpspspspspsprpspspspsrppspsrpspsrpspprprspsprpsprprpsprrrrrrppppppssssrrrrpsprpsprpsprpsprprpprprrprrrrrssssppsprpsrpsrpspsprpsprpsprpsrprpspsrpspsrpsprpprprprpspspsspspsprprprrprprrpspspspspsprpspspspsrppspsrpspsrpspprprspsprpsprprpsprrrrrrppppppssssr
label,39,srrrpsprppsrpssprprprprpsssssssprpsrppsprsprpsprpsrsrsrsrrrprspsrpppsprpsprsrprprpprpsspssprprrpsprpsrprpsprpsrrrprpspssrpsprppprpsprpsrpsrrpsprrpsprpsrpspsrpsprpssrrprprppprpprpsprsssssrprprprsprpppsppssrrrpsprppsrpssprprprprpsssssssprpsrppsprsprpsprpsrsrsrsrrrprspsrpppsprpsprsrprprpprpsspssprprrps
label,40,prpsprsprpsrprspprsprpsrpsprpsrpsprpsprpsprsprpsprsprpsprpsprsppsrpsprspspprpsprspspspspppsrpsrsprspprrrrspsrpsspssssprsprprpsprpsprsprsprpsrpsrpspspsprspsppprsprpsrpsrpsrpsrpsprsprpsprsprpsprsprpspsprpsrpsprsprpsppsppsrprprpsprsprprpsrpspsrprpsprpsrppspsrpsprpsrpsrpsprpsprpsprsprpsprpsprsrpsrpsprsp
label,41,ssssssssssssssssssprpprprpprpsprpsprpsrpsprpsprsprpsprsprpsprpsprsprpsprprpprprpsprpsprsprpsprpsrpsprpsprpsprsprpsprpsprsprpsprpsprssprpprprspprpsprpsprsprppsprsprpsprpsprsprpsppsrprspsprpsprpsrpsprpsprppsprspsprpsprpsprspsrpsrprspspprprprpsprsprpsprsprpspprpsprsprpssrsprpprprprpspsprpspprpsssssssss
label,42,ssssrrrprrsrprpsspspprppprrsrpprpssrrrprrpssrrppssprspsrsrrrpppspsssppsprpprppsrrpsspprsssrrpppsrprppssppppprppprrrssssrrrrppppprssssrsrpssrsppsprpprrpsrprprrrppssppssrpsrrppprrpssssrrrsspssprsrpsrrrspsprrrspsssprpprsprppprpprrsrrprsrppsrrsrrrsrpspprrpspsprpprrsrsrssprsspssspsprprpspsprssspsppprprrp
label,43,rprsrpsprsprspprsprsprsprsprpsrspsrrpsprsprspprprprspsrprsprsprsrsprsprsprsprrsprsprspsrprprsprsprsprsprsprsprprpsprsprsprpsrpsprsprpsrpsprsprssrprppsrprsrsrsprsprspprsrsprsprspprsprsprpprsprprpsprpprspsprrpprsrssrprpsrprpsprpsrprprprsprpsprsprrspprrprrsprsprprprpprspsrspsrprspprsrssrrsprsprpsprsprs
label,44,sspspsprpsrpsprsprpsprpsrpsrpsprpsrpsprpsprsprpsrpsprpsrpsrpsrpsprpsrpsrpsrpsprpsrpsrpsrsrsprsprpsprsprpsrpsprpsrpsprpsrsprpsprpsrpsrpsrsrsrpsrpsprpsrpsprpsprpsrpsprpsprpsrsprpsrpsprpsprsprpsprpsprpsprpsprpsprpsprpsprprpsrpprpsrpsrpsrppsrpsprpsrpsprpsprpsrsprpsprprrprprprprprprprpspsppsprprppprpspsp
label,45,rrsrprrssrssppppprpspsrssssrppsprpsrsspprrrrpsrsrrrrpsssrrrsssppspspssrprsrssrrsprsrsrrpsrsprppprrrsrrrssrrsprrsrspssrspssprssrspppssrprsprprspssrsrsrprrrpprprrssrrsssrspsspsppppprprrsrrsrrpppsssrsrpsprrssssprrsppprrrssssppprprssrppssrrpssspsrsrssrpsprrsrrsprsrrssppprrrssprrpssprsprprsspsspsrrsrrpsp
label,46,sprpsprsprpsrpsrpsprpsrppsrpsprsprpsrpsprsprprprprprprpsrppsrsrpsprsprsprpsprpsrpsprpsrpsprpsrpsprsprpsprpsrpsprpsprpsprpsrppsrpsprpsprpsrpsprpsprsprpsrsrpsprpsrpsprpprprprprpsprpsprsprpsprpsprpsprpsprpsprspprpsrpsprpsprpsrpsprpsprpsrppsprsprpsprsprpsprpsprpsprpsrpsprpsprpsrpsprpsprpsprspprsprpsrpsp
label,47,rrrpspsrpprspsrpsrpsrpsprpspsprpsrprsprpssrpspsrpsprsprpsrpsrprpsprprsprpsrpsrpsrpspsrprpsrprsprpsprsprsprppprspsrpprspspsspsssrrpprpsrprsprprprprpsprpsrpspprpsrprpsprsprprprpsrprprppsrpsrpsrprsppppsrppsrprsprsrsrpprpsrprsprspprpsrppsrprprpsprprpsprpprrsprpprpsprpsrpsprprpsprpsrprspprpsrprsprpprprsp
label,48,spprspsrprsprspsrpsrprprrsprpsrpssrprsprsprsprsprsprsprsprsprsprsprsprsprsprsprsprsprsprsprsprsprsprsprsprsprsprsprsprsprspprsprsprsprsprsprsprsprspprsprsprsprsprsprsprsprsprsprsprsprsprsprsprsprsprsprsprsprsprsprsprspprsprsprsprspsrprspsrprsprsprsprspprsrpsrpsrpsprpsprsprpsprsprpsprsprpsrpsprsprpsr
label,49,rpsppsrsprrsrrrpppsssrpspsprrrsssssrrrpprssrpsprrrsrrprspsrssrsprrrppprsrrrssprrsppsssrspsprsrrprpprrpsrsprrrpprsrsrrsspsrsrrpsrrrpsspprssppprrprrpprpsrrrrrssrpsssppsrrspprrpssssrrrppppsrpprsrpprpsrrssrppssrsprsrssspsppsprrpsprsssssrpsspsrpsrspppsrrsppsrppsrrsssrppsrprrpsprprrprspssspsssrrsrrsrsprsp
label,50,psprpsrpsprspppsprpsppsrsrpsprsprpsprsprpsprpsprpsprpsprsprsprpsprpsrpsprpsrpssrrsrrsrpsprsprpsprpsprpsprpsrpsprpsprpsprpsprpsprpsrpsprpsprpsprpsrpsrpsprpsrpsrpsprpsprsprpsprppsrpsprpsrpsprpsprpsprprsprpsprpsprpsprsprpsprpsprpsprpsprpsrpsprpsprpsrpsprpsprpsprsprpsrprprprppsrspsrprprprprprprprppppppp
label,51,rppsrpsprpprspprpppsprpspsrppsrpprppsrpprpprppsrpprpprsprprpspsrppprppprpprprprpsrprsprspprsppsrpprpprrspprsppsrprprpprpprsrprpprsprprpsppprprpprprpsrppsrpsprprrsprsppsrpprsprpprspprppppsrppsrpprspsrprppsrprspsrpprsprsprpspsrprprspprsprspprspprsprspprsprsprprpsprsprsprspprsprpprsprppprsppsrpprspprsp
label,52,ssrrprspsrrrsrssrprrsrprpssspprrrrspspprssrsppssssrpsrssrppssrsprpprsssrpsprrsrpsspsrsprrpprsrrsrpprsrrrprppsprrsrrpssprrprsssrrrsrpspsprsrrrprrrrsprpssspspssprrsssprsprpsspsspsrrpppsprrpprspppsrpspsssrsrprssrsrpsprprsrrsrrrrsprrrrrsrprprssprprrpppppprrsssrrrrpsrrssprsrpsppprrrppspspssrsssrrspprsrps
label,53,pspsrsrsprspsrsrssrrpspspspspspsspspspsrsprspspsprssrpsprsprprpsrpsprpsrpprprpsrsprprpssssssprpsrpsrprppprrrrrrrrpsrprpprspsppsprsprspprsprsprpsrpspprpspppsrpsppppsrssssrrrsrpsrpsprsprsprpspppsrsrsrsrrrrrrrsssspppsspspsppsprsrrsrsrsrsprsprpsppsrpsprpsprsprpsrpsprsprpsrpsprsprpspsprpsrpsprsprpsprsprs
label,54,spsppssppsrpsrprppprpssrrrrsrsssssppssrprsrsrpssrsrrrspspprpsrprppssppsrsssssrrrsspsprrrpspsspssspsrpsrrpprrpssprrpsrsrsprssrrrprsppprssspppsrrprsspssppssspspspprsppsspprrpppprpsrssppsppprpsprspprrrrsprrpprrrppprprsprpssssssrrssspprpprprrrsprsrrpppsspsrsppprrrprsrpsrspsrprprpprrsprrprpsrpprrrrpsssps
label,55,srprpsrpsprpsrprsprpsprspsrpprspprspsrprspsrprsprspsrprsssssssssssssssssssssssssssssssssssssssssssssssssssssssssssssssssssssssssssssssssssssssssssssssssssssssssssssssprssprpsrpsrprpsrpsprpsrprsprpsprspsrpprspprspsrprspsrprsprspsrprsssssssssssssssssssssssssssssssssssssssssssssssssssssssssssssssssssss
label,56,sssrprrspsssprssppspsssppsppsrsrrprssrpsssprsrprrssrrpsprrsssppssprppsssrssrpsrpspppprpssspspspppppssrpsrrrrspprrspprssprrrsprprrrprrppsrspsspprsrsrsrrrspsrsppssspprsprpsprpsrspppppspssrrssprrsrsrsrrrpppssrpsprprrpssssrrrssssrrssrssspprsrsrpssrsprrrppsrspspspssppspspspprpsspsrpprprrrpssprrsspprrrsss
label,57,prprprprrssssrprrprssprrsssrsssrsssrprsrrppsrpspprsrpspprppssrssrrrsrpspsrrrrpsprprsprprpprsrpsssssrspsprsprprsprpspsrrsrspsrsrsrrprrrpppssspprpsrppppppsspsrsrssspprprrrrprrrpsrppssrrppspprpppssrssrrrrsssspspssrsrpspsssprpssrppsrprssspspsrsprsprpprrsrssrprpsrssrrssrrspssrsrrpsprrprrprssrrrrsrpppsssr
label,58,sssspsrrprprpsrrpprprrpprspssprprsrpsrsprrsrpprrssspsrssprssrsrrrsrrrrsssrrrpppssrrspsrprrsprrssrsrprssrssprrrpprsrpsrppsppsprrrrprrrpsprrrppsrprpspsprsspssspsssrspssrrrpssprrsrpppspssppspsrsrsppssprsspppsrpspsprsppsprsssspssprpsrpprrspsrspssrspprrpsprrrssrrsrprprpprssspprppsrprspspppsrsrsrrrsrpssrp
label,59,prpsprpsprpsprpsprsprpspsppsprspprrprpsppsrpsrprsrpsrsprsssrpsrprprspsrprsprsrsrspsrpsrsprpsrprsppsrpsrprssrpprsrsprsrpsrsrsrspsrpsprsssssspsppsppppsrrpsprprrprssppspsrpppspssspsprsrsprsprsppsrsrsrpprspsrsrprspsrppsrsrppsprpsrsprpsrpspsppsppsspspsrprrrrrprrrrrrrssrsprsppsrpsrppsrpsprpsprpsrssssspspr
label,60,ssrprrrrrppssrsrpppsrspsrrrpsspprsssrssrpsrrrrrssprrrsrpsrspprrrsrrprrrsrprprrprprpssrpssrsprsrrsrsprsrrrprrsssssprsrsprppsrrrrsssssrrssspppspppssrrrrrrrrspsspsrrpprppsppsssrssspprrssssrsspppprsrrssrppprssspppsprprpprrrsspsspppspsrrsrpppsrpsrpspprprsrrpspsrprsrrppsrprsspprpsssssrsrrprpprprpprsrprsps
label,61,pspsrpsprpsrpsrpsrpsrpsrpsrprpsrprsprsprpsrspsrprpsrrsrspsrpsrsrpsrpsrpsrpsrprspsrprsssrprppsrprsrrsrpsrprrrrsprspsprpspsrpsrpsrpsrsprpsrppsrpsprpsrpsrprsprpsprsprpspsprrsprspsrpsrpprsprpssprprspspsrprsprsprsprspsrprsprsprsprrpsrrrsrspsrpsrsprsprsrpsrpspsrpsrpsprsprspsrpsrpsprsprpsrpsrpsrpsprprsrspr
label,62,rsprsprsprsprsprsprsprsprsprsprsrpsrpsprspsrpsrspsrpsprprspprpsprsprpsprspsrpsrpspspsrpsrspsrspsrprpsrpsprsprpsprsprsprsprsprsprsprsprsprsprsprsrpsrpsprspsrpsrspsrpsprprspprpsprsprpsprspsrpsrpspspsrpsrspsrspsrprpsrpsprsprpsprsprsprsprsprsprsprsprsprsprsprsrpsrpsprspsrpsrspsrpsprprspprpsprsprpsprspsr
label,63,rrrrrrrrpppppppppssssssssssssrrrpssssssssppppppppppprrrrrrrppprrrrspspssssssssrrrrrrrrrpssrpsrprspprsppppppppsssssrrrrrrrrrrrrrrrpsppssssssssssssssssssssssspppppppppppppppppppppppppprrrrrrrrrrrrrrrpppspppsssssssrpsrrrrrrrrrrrrrrrrrrrrrrrrrrrrrrrrrppppppppppppppppppppssssssssssssssprpsrspspspsssssppp
label,64,rpsppssrsrsppprsrsrrpspssrspppprprspprrspppsprppssprsrpsssrspspsrssrpspsprppprppsrsrsssppspsrsprsprppsssrrpssrppsspsrssssrsrrppsppprrsspprsrprsssrsprssrspprrspsprspppssrsspsspsrsrppsrrrrppsrrsprrssspsssrspprrrppsrsrpssrpsrrprrsrrpsrprprsrspspsrsprprrrspprrrrppppsprrspsrpspspspsprsrpsssrspsprpsrprrrs
label,65,sprrsrsppsspspssrprprsppssrrsppppsppprspprspssrrrsprrrspprrpprrrrrrsspsprssrsprpsppspspspprppsprpssrprppsrsrrspspsspprppsrssrspssrppsprsppprrppsppspprspppprprsppprpsssssppsrrssrrrsrrrssspppprspsrsrssrrprrpsrprssrrprrrrrrssprrpssrpsppsrsrpsrprssspssrrssrrrrpssrssrprrsprprsssrrpsprrrrspsrpsrsprppssrpr
label,66,spssspsppsrsprprpprprprpspsrprsssssprprpppspprpprppprrrrrspssspsppsspsprpprppsprpsprpsspsssprpprppsssppprrrpsssprprprprpsssppppprprpprrrssssssrrrrrrrrrrrrrrrrrrrrrrrrrrrrpsprprpprrrrprrprpsrpsspsppspsrpsprpprrrprprrprprpspssrprrsprsprpsprpspprpspsrpspspssppspspsppspspsprprprprpspspsprprpspspssssrprp
label,67,rprssprpssssprppsrsrpsrpsssrpsrppprrprprrssppspprrsrpsrsrprsppsprrrrsrpsrrsprrssspspprrrrssprsprssrrrprpssrrrsppppsssrrspsppspssrssrrrprrrrsrrrssprpprprssppsrsrsrrrsrrprpsrrprppspspssprsprrprrssrprrssprprrpsrppprrppssprrrssrrprrsprprpsrpsssrpprssspprrrsspsprppprspppsssrprpppsssrprpsssppssprsspsssprr
label,68,rrsrpsprrspspppspssrrrppssrsrpsrprspsprrrpppppppprrrsssppppppspsrsrrsspppprsrsprprprpprpprrprrprrrrpsspsrprpsprsrpssppsrrsrsprpprpppssprsrsrrppprppsrrpprrpprpssrprprsrprprspppsspsprpprrprpsrpsppsppspsrrsppprprprpprrrsprrrrrspssrpppsspssrpsrrppsprrrpsrppsrprpprspprrsprsrprsrssssrrspsrppppppssspprrsrp
label,69,prspsrprspprsrpspsrprprpsrprsprpsppppppppppppprsprsprspsrprsprsprprspsrprspprsrpspsrprprpsrprsprpsppppppppppppprsprsprspsrprsprsprprspsrprspprsrpspsrprprpsrprsprpsppppppppppppprsprsprspsrprsprsprprspsrprspprsrpspsrprprpsrprsprpsppppppppppppprsprsprspsrprsprsprprspsrprspprsrpspsrprprpsrprsprpsppppppp
label,70,spsrsppprspprrrrssssrrrrrssrprrpsrsrsppprrssprrspssspsppssssppsrsrspsrpsrpsspsrsrpprppsrprssppprprpsppppprpsppsrrpssrssprprspppsrprspppprpprrppsrpsspssssssrrssspprsrrrpprssrpssrsspppspsrsprsprprssssprrpsspspssrsrrrpppsprrspssrssprpsrssrprrppprprppssppsrrspsppprspsrssrspsrpspssrrprspsrrrpprsrppprprrs
label,71,psrspsrspsrsrsrspsrsrsrsrsrprprprrsrsprprprprprsrsrsrsrsrsrsrspsrsprprprrsrsprprprprprsrsrsrsrrrprrsprrsrspsrsrsrsrsrsrpsrspsrspsrsrspsrsrspsrspsrspsrsrsrspsrsrsrsrsrprprprrsrsprprprprprsrsrsrsrsrsrsrspsrsprprprrsrsprprprprprsrsrsrsrrrprrsprrsrspsrsrsrsrsrsrpsrspsrspsrsrspsrsrspsrspsrspsrsrsrspsrsrs
label,72,prprpspsppsprprsprprpsprspprprsprprprspsrprpsrpsrprspsrppsrprpsrpsrprspsrprpsrpspspssssppprprspspspspspsrprspsrprspsrprpsrprsprpsrprprsprpsprsprpsprpsprpsprpsprpsrprspprssssprpprssprprssprsprpsrpsrppsrsrppsrprsprsprspsrpspsppspspspspsppsprrrrrrrrspprspsrpsrprspsrpsrpsprsprprpsrpspspsrppspspsprprprrr
label,73,rsprsrpsprpsrpsrpsprsprpsrpsprsprpsrpspprppprppprpspsppspspssppsrpprsprpsrpsprprprpsprpsrpsprprprprsprpprprprpprppspsrprsssrrpprprrpsrprsprsprpsrpsprsprpsrpspprpsrpsprpsrpsprsprpsrpsprpsrpsprsprpsprsprpsrpsprsprpsprsprpsrpsprsprpsprsprpsrpsprpsprsprsprpsrpsrpsprpspsprsprsprpsprsprpsrpsprpsrpsppspsss
label,74,rrrsrpprrrppprpsppsprprpspssprsrprsrrpsprppssrpspsrrrprrrsssrpspprpsspsssrsprrpppssrpppprsrrssrpsrrspppssrpprssprssrsssssspprprsssrppprrpssprrsrrrrssssrsprpsprrsrpppspsppspprrrspsssrrsprppsrssrpppssprsppsssrprrrprrrrprssprrspppsrppsrsssprrsrrpprsppprrrssprrrpsprprrssrsprrppsrspppsspsprpprsssrrpspsrp
label,75,ppsppssssrssrsrrspsppspsprpssrrrsprppprprprprprssssrsrsrssrrpprppprrrppspspsprpprprsprpsrprppsrpsprpsrprsrpprpsrpssrrrspppspsprprprpspsppspspppsppssssrssrsrrspsppspsprpssrrrsprppprprprprprssssrsrsrssrrpprppprrrppspspsprpprprsprpsrprppsrpsprpsrprsrpprpsrpssrrrspppspsprprprpspsppspspppsppssssrssrsrrsp
label,76,ppppppsppspsprsprpsrpsrpsprsprpsprsprpsrpsprspprppspsppspsprprprprprprprpsprsprsprsprpsrpsprsprpsrprprprpsprsprpspppppspppppsprpsrpsprsprsprsprpsrpspppsppsrpsprpsrpsrsprpsrpsprppsrpsprpsprprpsrppsprpsprsprpsprpspppsppsprrprprpsppspsprpppppprsprpsprsrpppprppsprprpsrpsprpsrpspspppspprrpsprsprppspppppp
label,77,spspspspspsprprprprprprprpspssrsrsrsrsrsrsrsrsrsrsrsrsrsrsrprprprprpsrpsprsprpsprsprpsprsprpsprsrpsprsprpsppspspspspspsprprprprprprrpspprpsprsprpsrpsprpsprsprpspspspspsprprsrsrsrsrsrsrsrsrsrsrsrsrppspspspspspspsprsprpsprpsrpsprpsprsprpsprsprsprpsprpsprpsrpsprspsrpsprsprpsrsprpsprsppspspspsppspspspsp
label,78,psprsprprsprsprsprpsprpsrrpsprsprsprsprsprspsrpsprsprspsprprprspsrprsprsprpsrpsrpsrpsrpsspspsrprprprprspspsprrsrsrprsprspspspspsprprprrpppprrsssspspspspsprrrrppspspspspspspprpsprppsrsprsprpsrrprsprspsrpprsprspsrpsrprsprsprsprpsrpsrpsrsrpsprpssprprsprprsprsprpprpsprpsprpsprpprpsrpprsprprspsrprsprpsps
label,79,rprrrspspssrpsrsssprpssrsrprrppssrssrrspppprprpprprprrrpsprrsrsprrrsrrrrpprpssprprsrrprrspprrpssspsrpprsspssrsrpssrrrprpsrrprprspspspsrsrsssrrrrppsrssrrspsppprprrrprrrrrprprsrsrrrrrprspssssssrprsppprpprsrrrpprprsssrsssrpsrspsrsrppprssspsssppprrprppspprpspprspsrprpsspsppssrrrpprppppsppppsprspprrrrrrp
label,80,rrpprrrpsppppprspsprsrssssspspsrspsrpsrsrsppssrprsrsspsrprprsrrprrsssrrsrprrspprpsppsssrppppsprrssrrrrprrrsssprsrspssprpsrspppprspssssrsssspppspsrrsrpsssprrrrprsrprsrpsrsppsrprsrprrppsrssrsspsspsrrsrprpsprprssrrpppsrpppsrssppprsrrpsspsrspsprsrrpsrsrpsrsrsrrspprprppprprrspsssssppprrrprsssrsrprrpssppr
label,81,pssrppssssprrsprrpprspsrsrrrrsprrspssssrrrspprrssrpsprpsssrrprpsrsrrrpprrppsrrprpsrrspppppsrrprsrppsrsrpspsssrpssrssrssrpsrsrsrrpssppsppspsrpsrrpssrprrrspsrspsrsprrrrsppsssrsrssrssprrrrprrprpsrssrrrpsrspsspprsppsppssssspsrrppsrppppppssrpprprsrsrsprrssppspssrsrsrrssspsrsrrsspsspsrspspppsrprrprpppsprp
label,82,ppsrpprrppsprsrppssrpppppsssrsrprpsprrpsrrprrprsrpsrsrsppsrpprprsprpprrpsrprrpspsprpprpprsppsrrsrsspprrrssrsrrrrsrsrprpsprspsrprrsprrpssrprrpsrsrrpprprspppppppsssppssprspprssprrpsrrspsssrpssrprsprsrrsssrpprrpsrprrrsprssppsrsrpprrrrrrprrsppprsssspssspssrrpsprsrprrprsprrrrssrsrrrrrprrsprppsppprprsrpps
label,83,prsprsrrsprrrrspsssrprrprppsprsssspppsrprprrrsrrsppprrrsrsssrppsrssrprrprpsrsspsrrprpsrpprsrrspssrspppssrrpprrppppprsspssrrrspprsssprprsssspsrrsrppprrprpspspppspprprprsrpsppsssrrsrppsssrsprsssprpssrspsrrpsrssrspsssrrspsssprrrsrrrrrprsspsrrsprsrppsrprrspprsrspppprsppppspssprprrpppprprsssprrrsrrrpprss
label,84,prrppspssspspprrrrppspsspsspsrpsppsrsrsprsppprpprsrpsrprspppsprsrrsspprsppppsrrrpsprsrpppppssrsrpsrsrprpsrrrssrrssssrsrprrpspspspssppsppsrsprrsrsrpssrrpppsspprpssprprsrrprrsprsrrprsssrrsspprsrprprrrrppsrrsppsrsrssprrsrrpsspsssrsrpsrrspppppsprrsrrrpsprpppprrssrrrsrsrspsrssrsrprsrsssprprpssrrsrrppsrrp
label,85,prssprrpssprsprpsrpsrpsrpsrpsrsprpsrpsrprspsrpsrprspsrpspsrprsrpsprsprprprsprsprprprprssrpsrpsrpsrpspsrpsrpsrpspppsprsprsprsprpsrpsrsprprpsrpspsppsrpsprprsppspsspsprrspsprsprsprpsprsprpsrpsprpsrpsprpspsrpsrprsprrpsprpspprppsprpsppsprpsprsppsrpprsprpsprspprspprpsrpsprpspsprpspprprpsprprsprprpspprspsp
label,86,psrrpsprsrsrrprspprspssssrrsrrrssprprsspprrrppspssrrpprspsssrpssrprspsrrrpsppsrrrsppspssrprrrprpppsppssppspsssrsppsrpprspspprrsrrsppspsrrssssrsrrrrrprprprsppprprpprprrrrssprpsprssssrrpppprsprspsrprsspspspprspsspprsppsprsppppprrrrssrrpsprsssppsrrrrpsssprsrrsssrrrrsppsrrsssppprsppspppppsssspsrrsrpprrp
label,87,rpsrpsprsprpsprsprsprpsprsprpsrpsprsprpsprpsprpsrpsprsprpspsrpsprprsprpsprpsprpprpsprprprprpspprpsprppsprpsrpsrpsprpsprpsrpspprpsrpsprpsrpspprprsprsprpsppsprpsprprprpsprsprpsprsprpsrpspsprpsprpsrprspsprpsprpsprsprsprpsprsprpsrpspprsprsprsprsprpsrpsprpsrpsprpsrpsprpsrpsrprspprsprsrpsprpspsprpsprspspr
label,88,rpsprpsprprsprpsprprpprpsrpprsprprsppsrprpsrpsprpsrpsrprsprpsprspsrpsrpsrpsrpsprpsrpsrpsrpprspsrpsrprsppsrpsrpsrpsrpsrpprsprspsrprspsrpsrppsrpsrprsppsrpsrprspsrpsrpprspsrpsrpsrppsrpsrpsrppsrpsrpsrppsrpsrpsrpsrpprsprspsrprspsrprsprpsprspsrpsrppsrprprsppsrpsrpsrpsrpsrpprspprprpprsrrrrrrrrrrrrrrrrrrrrr
label,89,rprspsprrpsprsprsprsprprrrrsprpsrpspsrpsrpsrpsrpsprsprpsrpsrpsprpsrpsprsprpsrpsprpsrprrpsprpsrprprprpsprsspsrprpsprpsrpsprpsprpsrpsprprsprspsprspprprsrpsspsrpsprpsrpsprpsrpsprpsprpsprsprpsprpsprpsrpsprpsprprpsprpsprsprrpprssrpsrprsprspsrprppsrpsprspsrprsprpsprspprspsrpsprpsprpsrpsrprpsprpsrprprpsrpr
label,90,psppprsrprpssrprsprpprppprrpsrssprrprpspsrppsssprrsrsrsprppprprrsrrsssrspsspspppppssssrrrrppspssppppspsrssrssrsrsrssprprrrsssprprssrsssrrrsrpspssrspsrrppprrrsrrrpspsspppssrsrsrrsrrssprsrrpppprprrpspprsrprpsppsspsrsrprrpsprspsssprpsprprpspsspspppprssssrrrpsrsrpssrsrsssrsrspsssprrpspssrrpspppppsrppspr
label,91,ppppsspsrrsrrpssrspsrpsrssspsppssspspppsprrpsprrrpsrrpprprsppsrpsrspprpsrprsrpssspsrprsprrspsssrprrsrrrrppsrpprsrssrspsprrsspsprsrppsrrrsprsrrsrpsrrpspprrrrsrprprpspsrrprprspspprprssrssrpprpssprspsrprpssppprpppppspprrsprrprrprrpssrrprrpsprsrrrspspsrspsssspsspprrppsrsssprrrsspsssrrsrssrspprsssppssrrp
label,92,sprspsprpsprsrpsprsprsprsprpsrpsprpsrpsprsprpsprsprpsprpsrpsprsprspprsprpspsprsprpsrpsprsprsprpsrpsprpspsprsprpsrpsprspprspprpsprsprsprpsprspprsprpsprsprpsprsprpsprpsrpsprsprpsprsprpsprsprpsprsprpsprspprsprpsprspprsprpsprpsprsprpsprpsppsrpsprsprpsprspprsprpsprsprpsprsrpsrsprsprsprpsrpsprsprspsprpspr
label,93,prsrprpsrsrpspsrsrrsppsspssrrpsprppsrrpsrspsrrsrsssrrspprrrpprrpppsrpspspprprrprrpspssrsrpsprsrrrpssrrpprrsrrsprpsspsprssrrpspppspprsrpppprsppsrpprsprpspprrsrssrspssprssssrspsrrsspsspsssrrssrrrrsssspprrrssrrpprrprpprrppssprrpppspsprssrspssssrrpprspprprrssrsssrssrrrsssssrpprpsrpspprrrpprprpprrsrrspsp
label,94,prsprpsprpsrpsprsprpsprpsrpsrpsprpsrpsrpsprpsrpsprpsrprprprprsprprprprprprprprprpprpsprpsprpsppppsprprprprpspsprprprpspsprprprpspsprprpsprprpsprprprprprpspsrpprpsprspsrsrsprsrpsrpsrpsrpsrsprsrpsrsprsprsprsprpsrpsrpsprsprsprpsrpsprpsprsprpsrpsrpsprsprpsrpsrpsprsprpsrpsprsprpsrpsrpsprsprpsrpsrpsrprpsp
label,95,srrsrrsssppsppprprprprrrsssrsrrsppppprrrrrrsssrpspspspspsrsrsrsrsspspspprprpppssrsrrsssssssppprpprprrrrpppppspsppsprrsrpsprpprpsppsprpprrpsrrsrrssssspppspspprrppprrrrrrrrrpppsssrssrpspprsrppprprprrssrpprppsssrrrrrssppspsppsprprrprrpppppsssssrrrrrssppspspprrrpsprpprppssrsrrsrrsssppsppprprprprrrsssrsr
label,96,srprsprsprsrpsprspprsprpspprpsrpprsprpsrprsprsprsrpsprspprsprpspprpsrpprsprpsrprsprsprsrpsprspprsprpspprpsrpprsprpsrprsprsprsrpsprspprsprpspprpsrpprsprpsrprsprsprsrpsprspprsprpspprpsrpprsprpsrprsprsprsrpsprspprsprpspprpsrpprsprpsrprsprsprsrpsprspprsprpspprpsrpprsprpsrprsprsprsrpsprspprsprpspprpsrppr
label,97,rprpsrprprprprprprprprprprprprpsrprprprprprprprprprprprprpsrprprprprprprprprprprprprpsrprprprprprprprprprprprprpsrprprprprprprprprprprprprpsrprprprprprprprprprprprprpsrprprprprprprprprprprprprpsrprprprprprprprprprprprprpsrprprprprprprprprprprprprpsrprprprprprprprprprprprprpsrprprprprprprprprprprprpr
label,98,rprpsrprsppprsrppsrssrpspprssrsrprrrprssrrrppsrrprrppppppsrrrpppssspsrrppspprpssspsrpsrspssssssrrrpsrrrpssrpspprppsprspsssspssrrrsppsspssrrsrrsprrprppsrsrrrpsspsrrppsprspssppppsrrrssrpsrsssrppspspspsppppprpsrpppppsprsrrsrrsppsprrsprrssrrpprsrrpsprrrpprrsrrsrsssrsrsrsppsspsppprpsrpsrrrsrrpprprrsprprs
label,99,srpsrpsprsprpsrpsprsprpsprpsrpprpsppsrsrrrrppppppspspspppsspprrppsprsprpsrpsprsprpsrpsrpsprpsprpssrpsprpsrpsprpsprprsprsprsprsprsrsprsprsprsprsprsprspprsprsprsprsprsprsprsprsprsprsprsprsprsprsprsprsprsprsprsprsprsprsprsprrprprprprpprprprprprprpprprprrprpppssspsspsprprprpprpsprpsprsprsprpsrpsrpsprspr
label,100,rrsrrpprsppssprsrrsrrrrsrsspprprsrpssrpsrrprpsrspssspprpssrprrsrpprrpsprpspprsrprssrpsrrsrssprrrsspppsrsrpprssrsrpppsprprrpsrspprssprrrppsssssrssppsprspsrpsppssrprprsrspsrrssrrpssspspprprrrrprssrrrspsrsrsrprrrrrpsrrrrrspprrrrrrrspsrprsrrrpsspsprssspspsrsssrsrrrpspprsrrrrssrpsssrrsppppssrpsrprspsssrs
label,101,sprprprprpsprprpsprpsprpspsrsrsrspsrprpspspspspspsrsrsprprprprprprprprprppspspspspprpsprpsprprprprprprppspsspspsppssrsrsrsrsrsrsspspspspsppspsprprprpsprpsprpsprpsrprppsprprsppspsrpsprpsprpsprpprprprprprprprpspspppppspspsprprpsprprprpsprpsprpsprpsprprprprprprppsprprprprprprprprprprprprprprprprprprpps
label,102,srsrspsprsprrppppsrspppprsprsrsrsppprsrrspsrprppsppsspsppssrrspsssprprrprrpsrrrrspprppprspprspsprsrsprssrrpprrssrsppspssrrppppprrrppppprppsrsssprrprrsssrsppsssrssrrppprsrsspspprrsrrsrrrssprsrsrprppsprrpsrrsprprsrpppprprpsssrsppssprrsrppspsppprsspsrpprsrprssssppsrppsrrppppsprrrssrspsspssrspprsspspprs
label,103,srspsprsssprsrsprsrsprppsprprppsssrpsrrprprpsspssprrrpsssprrpsppsrpsrssrspsspsssrrrsrspsssrpssrrrrpssprpprrrssrpsssrpspsrssrrsrrsppsprrrpprssrsrrprpprsrsrprprspsssrppssrspsrrrrpsprrrpsrsrprpssrrpsrprpsrrppsrppprsssssprspprsrprrpsrppsrppssrprrpsppsrprrsrsrrrsprssrrrrprrrsrsrrrpsrprpsssrpspsssppprrprp
label,104,sprpsrpsprpsrppsrpsprpsrpsrpsrpsprsprpsrpsrpsrpsprsprpsrpsrpsprpsrpsprsprpsrppsprpsrpsrpsrpspspsrprpsrpsprsprpsrprprpsrpsprpsrprprpsrpsprsprrpsrprpsrpsprpspspspsrpsprsprpsrpsprpprsprpsprpsprpsprrpsprpsprpsppsrpsprpsrpsprpsprpsrpsrpsprpsrpsprrpsprpsprpsprpsprprprpsprpspspsprprprprrsrsprpsrprsprpsprpr
label,105,sssprsssrsrrrssspppssrsprsrsrspsrsrrpspsrssrrrssrsrpspssspppspssrsrrsrrprrrspprrssrssrpssrspprsprpppprspsrsrrrpssrspprrpsrsprrsspppssppssssssprpspsrrrssrsprprprrrsppssprprspsrssssrprrspspssppsprpprrppssrrrsppsppspppsprspssrsrprssspprspsssspspprprrspspppsppprsssppsspspsrpsrsssrrsrprssssrsprspprsrprrr
label,106,prssspspspspsprppsrrprsprsprsprpssppsrspppspspssrrpspsssppsprrsssspsssprrrprprpprsprsrrrprrrppsrpprrsssssrpsspsrrrpsspsspprrprrpsrsrprssrrssppsprsprsrrsrrrpssrspsrrppppsrsrrrrrrpspspprpppsprprrssrpsrssspsspppssrspprrppssrppsrssprrsrsspsrrrrppprrprrpprrspspsspsrrsrrprsrssrsppsrrrpprrsprsprrsrpsrprssp
label,107,prsssrrssrrspsrprrpssrrrssrsrspssrrsspsppspsrppssprrrrrrrrrsssrrsspprpsspprsssprsrrpsppprppsrrprsppsrrsssrrsssprrprprspsprpppssspssrpprpsrrrpsrprrprprprrrsrrrssprrrpssssprpsprrrssppspsprsrppsppprppprsrrrppppsrrpsspprpsrpprsprrssssppsrsppsrrrsrppsrpppsrrrrsrsrpppsprpspspsspprpssprprpspppsssrpsrsrrprr
label,108,sprrppprprppsppsrsppsprpssrrprrsrrsprssssprrrrprsspsprsrrsrppsspssssrssrrspsrrpsppprrprrsrrsssssrssrrrrprrpsrrsrpppspssssrppspppsrsssprrprrrpprppprsrrrsprpsprspprrsrprrpppssssssspsrrrpssssprrpsrssspssrrppprrrrppsprrspprrsspssprpsrrspprprrprrssrrpprprssprssprppsrrsrprspssprrpppssssprrrspspppsrssssssr
label,109,rssrsrsrprrssrsrsssrprrpsssprprrpsrrsrsrsrsrrsprssprppsprrrspppsrppsppsssrrssppsrprsrspprsprsprprprppsssrppsppsrprsspprspprprprsrrsprrppsprsppprrrprsprsprpspprpsssrppprrsprprrssrrpssrrspsprsprrprppsrprsrssrpsrprsprprrrrrpsrppssrpssspsrsprrprspssssrsrsrspsrprppspspprsrssrsprspprrssrrprssprsrrpspspprp
label,110,srssrrsrrsrsrsrsrsrrrsrsrsrsrrsrssrsrsrssrssrssrrssrsrsrsrsrsrsrsrsrsrrssssrssrrssrssrsrsrsrsrsrsrsrsrsrsrsrsrsrsrsrssrsrssrsrsrsrsrrsrssrsrsrrsrsrrsrrrrrrrsrssrssrrssrssssrsrsrsrsrsrrsrsrsrsrsrsrsrssrsrrsrssrsrsrsrsrsrsrsrsrsrsrsrsrssrsrsrsrssrsrsrrsrsrrrssrsrsrssrsrsrssrsrsrsrsrsrsrssrsrsrrsrsrrsr
label,111,rrsprprsppsrprpsrprsprprsprprsprpsrpsprpsrppsrprsprpsrprpsprpsrprsrpsrpprsprpsrprprpsrprpsprsprprpsprsprpsrpsprpsrpsprpsprpsrpsprpsrpsprprsprssrpprsrpsprpsrpsrrspprsprsprpspsrprsrprpsprppprsprpsrrrrrspsrpprpsprprprpsppsrprpsprpprprrprprprsppspspspsrprprpsrpsprprpprspprrsprprsppsrprpsrprsprprsprprspr
label,112,pprppsprssssrsspsppppprpssssprrsssrpprppsprrsrpsprrsrspsssprssprrspsrpsprrsrrsrrsppspssrrrsssrpppsrpprrsrssrrprssspsprrpsrppsrrrprspprsppprrpsssrrpsrrprrrsssrsspsprsspsppspsppspspsprpsprssrrprrrssrsrsprsrspsprssppssrpssrsppsssrppspsssrppspssrppsrsppprprprpsrrpppppprssssrrsprsrpspprrrrrppppsrrsrpprrp
label,113,rsrssppspsrsrsrsrspsppsrsrsspppppppprsrsrsrsrsrsrssrrspppsrsrsrsrrsrsspspspspssrsrsrrssrrssspspsppspssrsrsrrssrsrsrsrrsspspprprpprppsprpsprpspprpppsppppprppppprpsprpppprssprrrpsppsprpsrrrrrsssppppprpspprpprpppprrrspprppppspprpppsspprprprppssprpsprppsprprpsprpppspsprprrppspsprpspprprppsprpprprppppppr
label,114,pprssrsrrprsrrppssrprprrrprsrsssppsrpsssspsssppprprpsprppprspprrrsrrrrrprrpspprsrsppsrsppprrrpsrsrrpsppppsrsprrsprsrprpsrrrsppspspprrsrsrpsrrprsrpsrprprpppprpsprssrrssppsprppprssrsrpsprpprsrssrprprpspsrprpppsrrrpprsprssrrrsrpppsrspssrspspsprrsppsrpprspppsrsspsrppsrpsppsppsrrspssrspprssssrpsrrprrsrss
label,115,ppsrsssrsrprsprprrsrrppsrsspsssspsrsrrrsrssspppprprprrsrrpsppppspsrsprssrrpsrprrssppspsrrprpppspsrsrrsssrsrssrpsprssrsrssspsprsssspprsrprrrssrspsspsrsprpssrssrprsrsspsspppppsspsrrrsppprprpsprsrppsrpsrprsprssssrrprspsrsrprrspsprrppppssppspprpsrppprsrssppprprrprsspsrsrpsrrsssrspsprsprsrspspsrpprrrrrrr
label,116,rssrpsssrpsprssrrrsssrsrspsppsrrprrprprspprprrrsprpprsrsppprsrpppsrrrspprrpppprrrsppprrrrssrrrprsspsprprprrrspsrrpsrprppprsrsprpsrrppssppprrrrrpsspppprpsspprrsrrsspssrpspssprrprssrrssrrrpssprsrsrsrspppsprsrpsrrrspsrpsprrrssrprprrrsrrrssrsrppsrpssrrrprrpprsrsrrrrpppprprspspprpsprrspprrsrpsssppsrrsprp
