m,0,sppsrssrsrsrssrprprssrpssssrpppssprrrppssrssrrsrprrprsrrsprsssrpsprprrprssspssprsrsrprrrsssrspsspprsspsssrrrpprrrpsprrpsrrrrpprrpsprrsrrrrspppsppsrprrrrrrrssrspspsrrpsrrsrsprpssrpsprsprrrrrsprrsspspsrpspspsprrrpprprsprsrsrppppspprprpprrpprpsssprpsprsrrpsrprssssprrrrprpssrsssppsppsrpsrrrrssrpssppsssr,0
m,1,rrsrspsrrssrsrrssrrprprsppspsssprrrspsspsssppsrsprprrrrpssrpspsppsprrrrprpprpssssrpsppspsrspsrprprpsssrrsspspsrpppprsrsrsrspsrrsspspprrsrrssrprppsrpspspsrsrpssprprsprsssprrsppspsprpsrrrrpsspppsrsrprspppsrssppsrpsrsspppppsrrrssprrrrrsrsprprsrrssspssssrrpsrprsssprsssspssrsrrssrspsprrrppppssspssprrprsp,0
h,2,rspprsprppprsprsrpprsprppsrpprprpprpprpsrpspprpprpprrprppprprppspsrpprprpsprpsprprpprspprsprsprppsrprspprsprpsprpprpspppppspppprpprpsprprprspprsprpprprprprpprprsprrspprprspprsprpspprrspprprsspprpsrprspprspprpsrpprprsprspprspprpsprpsrpsprpsrpprppprsppprsppsrprprspprsprsprspprprsprpprpprsprprsprpsprpr,2300
m,3,prprssspspsssrpsrsrrsprrsrrrrrrprrppsrsrprsssprsrpsrrprspprrsrpssssrsrspsppprssrppssspsrrrsrpsrprpsppsprrrsrrsprsrprprpsppsrrrprprsrpprsprrrrprrrprrsspsspspprrpsrrrpprrpsrsssspsrsrsprprpppsssrsssprspsrprsspspsppppppprrrpssrrrprrrssrssrprpspppsrsspsrprrprsrsrppprprspsppsssrsrsssprppprssrppsssrprprrpp,0
h,4,prpsprpspsrsrssrsrrspsprppsrpsrprppsprppsprpspsprppspssrpspprpsprpspssrsprsssprpsppsrppspppsprpsrspsrrrsrsrrrrsrpprpsrprpsrpsppprsppppppsrsrsrsrssssrppsprssrpspspsppprrspprrsprssrpsprprprspprrpspspssprprpspsrpspssssrpsppprpsprpsppsrpspprpprppsprpprppsprppsppprsrsrsrprprpspprprsprppsprpsprsprpsprsrpr,2182
h,5,srprpsrsprpsprprsprpsprssprsprrprpssrprppprrrspsrprspsrpsrpsrprspsrpsrpprsprspsrpsrpsrpsrpprspsrprspsrpsrpsrppsrpsrpsrpsrpsrpsprpsrprpsprpsprpsrpspspspspsprprpprpsrpsppsrprsprppsrpsrpsrprpsprprspsrppsrpsrpsrprsprpsrpsrpsrprpsrsprpsprprsprpsprssprsprrprpssrprppprrrspsrprspsrpsrpsrprspsrpsrpprsprspsrp,4249
h,6,psprsprpsrpsprpsrpsprsprpsrpsprpsrpsprpsrpsrpsprpsrpspsrpsrpspspsrppsprpsprpsrppssrprpspsprpsrpsprprpsrsprsprpsprpsprsprpsrpsprrpsprpsprpsprrpsrpprrpspsprsprspsprpsrpsprpsprsprsprpsprsprsprpssprsprpsprsprpsprpsrpsprsprpsprsprsprpsrpsrpsprsprpspsrpsprpsprpsprsprpsprprprsprpsprsprpsprpsprspprpsrpsprps,2902
m,7,sspsrpprspprrrpprrrpsrrrrprrrsprrsrpsrpspsrrrsssrspsrssspprrpsrprrrrprsrpssprrrrprsrrsssssrpssssrprpprpprprssspprspspprrrsrsrsrsspsprrssrrrspppsrppsprssssssprrprrrsrpsrppppsprspsppssppsspsrsssprsrrrppprspsrprprrppprsrssssrssssrrrpsspppsprrprspsrpsrpprprrprsrrppsppsspsrpprsrpprrrrrrpprppprspppsssppsp,0
h,8,srprsprsprspsrprsprsprpprsprsprsprsprpsprsprsprspprpsrpprsprsprpsrprpsrprpsrprpsrprsprsprsprpsrprpsrpsrprsprsprpspsrpsrprsprspsrprsprsprsprspsrprpsrprsprpsrprprppsprsprprsprspsrprpspsrpprpsrpsrprsppsrpsprpsprpssprpspprpspprpsrpppsprpsprprssrpprspsprpprpspprpsrppsrprpsppsppsprpsprprspsprpsrprspprsprp,3220
h,9,rsprpspspprpsppspprpsrppsrprsprpspsrpsrpsrprsppprpppspprprspsprprspsrppsrprsprspsrppsrpsrpsrpsrppsrpsrpsrprsprsppsrpsrppsrprsprspsrppsrprspsrpsprprpsprpsppppprpspsprprpspprspsppspsrprppsrprsppsrpsprprspsrprsppspsrpsrpprspsrppsrpsrpsrpsrprsprsprsppsrprsprspprspsrprspsprpsrspsrppsrpsrprspsrpsrprsprspr,2800
h,10,rpsrpsrpprsprspsrprspsrpsrpsrpsrpsrpsrpsrpsrpsrpsrpsrpsrpsrpsrprsprspsrpsrpsrpsrprspsrprspsrpprsprsprpspsrpprsprsprsprsprsprsprsppsrprprpsrprspsrpsrpprspsrprspsrpsppsrpsrprpsrprsprspsrpsrpsrpsrpsrpsrpsrprsprspsrpsrpsrprsprsprsprsprsprsprsppppppppsrssrsrrssrprppprsssssrsrrpsrprspsrpsprpsrpsrprpsrpsrp,4050
m,11,rsrrprrrpssrrrprsssprsrrpprprssrprsrsprpspprpprpprsssssrssspppprppprsprsrprppsppspsrrrsrspssprssrprssrsrrpspssprrsspppsprrsrprspssrpssrsrpppprpsrprpsspspssssprsprrssrrsprpsprprsrprsprrrspsrsrrsrppprsrsrsprrsrrsrprppppsrssrsrrpspssppsppprsrrsrrppssssssrsprprrrpssrpppsssspsrrppprpsrpsrpsrssssppppprsrp,0
m,12,srppsprsrrspsppsrrsrrssprsrpsrprsrrsrrpsrrrrrsprsppppssspsrsrsrsssrssssssrspspppprpppprrrrssprrrspsssrpsssssspspssrppprspsssprrsprsrprsrpsrrrssrsrppssrpsrspsrprprsprpprrsrpppssrrssrpsprrrsrprrspppssrprsprrprpspsssssrrsppssspspsrrssspspppprspprsrppppprprprrsrsprprrrpprsrpssrspprspsrssssrpspprpspsppss,0
m,13,ssrsprsrsppspssppsspspspsrpssssppppsrrpsssrssrrssrpprsrprspprrrppprsssppprprpppprsrssrprpsspssrrppsprspsssspsrsrpspspspppsssrrsrppspsrsrrsssrssprprrrsrrsppsrrppssrrrrsprpspppssrsrsrppsppprrrsrspppsrsppsrsrsrsprsssppsrssrsrsssprrrprpssrrrrrspsppprrprsprsprssrspsssspsppsrrpppssprpsspppsrsspprprrrsrpsr,0
m,14,pssrrrrpspprsprrprspsssrpssprssppspsppprrpsspprrspssprrrrspppsrpssprrssrsrrpspprsspsrrpssppsrpprpsspsrrppssrspspsprprsspsprrrprppsprppsrsssrrprssrspsrpsspprrrssprpsrpssrsrsrrsrssppsprrprpsrrprrpsssprpsspsprssppsssrprrsprppprprsrrppprspprsrsprrsrrssrrssrrssrpprrpspsssrrprssrsssspsrssrsppsrppppspssppp,0
m,15,pssrprrsspprsrpsrrsssrsspspsspsprprrsrsprppppppsrsssprrpspsrsssrrrprssprrsprrpsrssrsppppssssspsspprrsspppspspprrrrrrsrrpprppssrrprrsprrpspprpsrssrsssspprprsrrprssssrrssprsspssrrsspprspssspssrrpsprsssrrspssrrsrspsppppsrrrprrspsprspssppsrrprrrsppsppprprrsrrspprspspssrsrsrrpssrrsspsssprsrsrrsrspssrsspr,0
h,16,rrrrrrrrrrrrrrrrrrrrrrrrrrrrrrrrrrrrrrrrrrrrrrrrrrrrrrrrrrrrrrrrrrrrrrrrrrrrrrrrrrrrrrrrrrrrrrrrrrrrrrrrrrrrrrrrrrrrrrrrrrrrrrrrrrrrrrrrrrrrrrrrrrrrrrrrrrrrrrrrrrrrrrrrrrrrrrrrrrrrrrrrrrrrrrrrrrrrrrrrrrrrrrrrrrrrrrrrrrrrrrrrrrrrrrrrrrrrrrrrrrrrrrrrrrrrrrrrrrrrrrrrrrrrrrrrrrrrrrrrrrrrrrrrrrrrrrrrrrrr,9435
m,17,ppsprpssrprpprssssprprpppprsrrsprspssppssrppsrrprsssrrspssrpsssrrpprpspprssrpsrrsprrrrppsrspprrrrrprssspppsprspsrpprpssrspspprpppssrsssspssprprpspprssrpprrrspsprpprprspprsrsrsrprsrsssssrrppprrppppsrssppssrsprrrrrpsssrpspsppprpprsrprpsrrspprsprrsrrsrsprpprrrrrssrsprrrpsrsspprsssrsprrsprsrrprrspssrpss,0
h,18,rpsrprpsrprpsrpsprprpsspprprpspsrprrsssrprpspsrpsrpsrpsprsprspsrprsprspsrpsprspsprsprspsrpsrpsrpsprspsrprprspspsrprprspsrprpssrprpsprpsrpspsrprpspsprprprpspssspspppprspsrprrprsprsprpsrprsrprpsrpsrprpsrprpsrpsprprpsspprprpspsrprrsssrprpspsrpsrpsrpsprsprspsrprsprspsrpsprspsprsprspsrpsrpsrpsprspsrprprs,4044
m,19,rsppprspppsprsppssrppsprppppspppsrprsrssprprsprssrprpssrssprpprrpppsrsrpsspspsrrrpsprrssspprpprrrrrprrsrprrsssrsrppssprrssrprprprpsrprpspsrsrpprsrprpprsprsrrsrssspsssrpssrprsppppprrssprprppsrrsprrspprsprrspppssssspsrprprsrsrrsrrpprrssrpssrppssppprpsrrrprssrpprprrsppsrsrrprrsrppprrppsrrpprrprsssrsrpp,0
m,20,sprprssrrppppsrrrsprsrpsrspprsppssprprspprssprprsprsprssssprppppspprrpsrprsrrrpsspsssppspppsrrpppsrsprsppsprpsrprrrrsrpsrrprsrssrppsppppsrpsprprspssrprrrpsppssrrrssssrrpsrrpssprrsrspssrrsrrrsrprrsrssrrpspppspssrppsssrpsprpssrrpsrrpssppsrrsspsppprsppprsrprspspppspprppprrrsprsppprsrprpsspssspsrrrpsrpr,700
m,21,srrrspppssssrprrssspsrrspprrrpssspprrspsssrpssrsrsspsssspppsssrrprprsrsrsspspsspsspprppsrrrppsrpsprspssssrrpspsssrpprppprsppsrprpspsrrprrprsrrrspspssprrrsrsprssrssprsrprrspsspsrpsrpsssprpppppsrpssrspprrpprprsrsrprrpssprspssssrsrspppprrrrprrspprrrsprrpprspsrrrpprprrpssrrsrrrsrrpspsrrpsprpppssspssrrpr,0
h,22,ssssssrsprppsprsrpsprsprpsprpsprsprsssssssssssprpspprpprrpspppsprsprsrssprprprppsprpprppsppspsrpspprppppssssssssssssrrrrrrspspsprppsprsprpppsprpsprpsrppsprsprppprsprpsprsprprpsrpspprsprpppsrpsprpsrpsprpsrpsrpspprpsprpsprpsprspsrpsprspprssrppprsppppppsrrrrrrrrrrrrspspsprpsrpsprsprpsprprpprprprprprpss,1118
m,23,prssrpsrrsspssrssrrssssspssprpspprsprppsprrrpsprsrsprspprpprrprpsrprpppppppspprprpsssrsprssprsrssssrspsrprprrsrspsrspppprrrppsrsssrpspppspppsrrssrsrpprspppspsrrrppsspppssrssrprpprspprprsssrspssrprrrrrsrrprpsprsrprsrpprsssssrspprpppprrssrrppprspsprprssppprrrrpssrrrspprsprpppsprsrrprrrsrppssrspssssssr,0
h,24,rpsprsprpsrpspprprpsrpsrpsprpsrppprsppsrsrssrrrspsrppsrpsprpsrprspppsrprsrpsprspsrpsrpsrprspsrssrrrspprpsrpsrpsprsprpsprsprpsrspprpspspsppspprprprpprpspspsprpppppsrprrrsrsrsrprpsprpsprsprpsrpsprpsrpsprpsrpsrpsprpsrpsprpsrprpsprpsrpsprpsprprpsprpsrpsprsprspsrpsrprpssrpsrpsrprpsrprprsprspsprprspprprps,1058
m,25,sprpsrpsppspspsrprprprprrrspsppspsrppsrpsprpsrpsprppppsprpspsppsprprprpspspspspsrprprpspspsprprpspspsprpspsrprsppsrprppssppspspspsrprprpsrprprpsprpprprrrrsrsrsrsrsrpprprprprpspsrppsrpsrpsprspsrpssprprsprpprsprpsppsrpprsprprrrsprpsrpprrrsprpsrprpprsprpsprsprprprrppsprprprpspspspprprpsprprrprppspspspr,0
h,26,sprpsrprsprspprpsrpsrprsprprpsrprpsrprsprpsrpprspsrprssrprspsrppsrprspsrprsprprspsrprsprsprprrprprprprprprpprprprprprprprprprprprprprprprrprpprrprprprprprpprprprprprprprpsppspsprpssprpspsrprspsrpspspprspsppsrppsrpsppsrpsprsprprpsrpsrppsprspprspsrppsrprpsrpsrpsrpspsprspsrprpsrpsrpsrpsprpsprpsrprsprsp,1714
h,27,sprpsrpsprpsrpsprpsrpsrpsrpsppppsprpppsrppppsrpsrpsrpsprpsprsprpsprpsrpsprpsrpsrssssssssssssssssssssssssrpsrpprpsrpsprpsrpprpsrpsrppprprprpspsppsrpsrppsrpsrpsprppprrrrrrrrrrrrrrrrprrprrrpppppppppppppppppppsrsrsrsrsrsrsrsrsrsrsrsprppppppppppppppppppppppppppppppppppppppppppppppppppsrsrsrsrsrsrssssssss,3591
h,28,sssssssssprrrrrrrrrrrrrrrrrrrrrrrrrrrrrrrrrrrrrrrrsssssssssssssssssssssssssssssssssssssssssssssssssssssspppppppppppppppppppppppppppppppppssssssssspssssprrrrrrrrrrrrrrrrrrrrrrrrrrrrrrrrspppppppssssssppppppppppppppprrrrrrrrrrrrrrrpsssssssssssssssssssprrrrrrrrrrrrrrrrrrrrrrrrrrrrrrrrrrrrrrrrsssssssssss,7587
m,29,srprpprssrsrpspprrpprprprrppssrpprppspprpprrsrrssrssrppsrrrrssprspsssssprprrpprpsssppsrrrrsrsrpsppprrppsrsrppsppprrprssssrprsrrssrsrrrppsrrrsrrrspsprrsrprssspprssprrrssrppssssppppsrsrrssppsppprsrrrrrppsrspprrsrppsrrsprsrrrsrrppssspprrpsrprssrsrppprsrprrssrrsrppsspsrrrppspsspsppspprprpprssrppsprprssr,0
m,30,rsprpsrrrsppsprpsrpsrrssrsrsspssssppspsssrpssrrprsrrpprssrpprpsrppppppspprsprsrppsspssrpspprrrsprspprpsppprrspssprpprrprrrrpspspsprsspssrssprsspprpsrrrrrpspsrspspsspsppsrrrsrrsprpprrppsspsrrsrssspsprppssppsrrrpssspspsppspssrprrsrspspprrrspsppprrrpsrrsprssrprsrpsppsrpppprrspssspprrrspsspsrrprpprsspsp,0
h,31,ppssssrsrsrpspssssrsrsrprprrsrsrsrssssrsrprrrprrsrsrsrsrpsrprprprsprsprsprsprsprsprsprsprpsrprprprpsrprsprsprpsrpsrpsrrsrsrsrsrsrsrsrsrsrsrppppppppsssssssrrrrrrrsrsspsprsprpsrpssprsprsprprsprsprprpppppsrrssrsrrrrsrsrsprprprsrsrpsrpsrpsrpsrsprrprprprrrrprspsprsprpsprsprpsrpsprpsrppprpsprsprpsrpsprspr,1070
m,32,rsrprrpsrrpsrpspprprppprpprrprsrrppsrrrssrpsrrrssrsrssppppspsrsppsspssprpsrrsspsrspspssrssppprssrsssspspsssrssprrsrprssrrspppppsppsrsssrpprprppprrrsrpsrsrspspprppsrpspprppsrprppprsprrrsppssrrrsppprsssrsspsprsrppssrspsrsprpprsrppsrsssspspsrprrpsrrsrsssrrpsspssrrrspprrpssrspssrssppsprrssrrrppprrpsrssr,0
m,33,prssppspprrsrrrrprrrspssrrpsrprrprppssrpsspprspprrpsssrrrrrrpsrrprprsssrpprsssprprppsrpsspspsrspppppsppsprrprsssrssrrsprsssrprsssspsrpsrsssrpspprrrssprssrsrssssspsspsppsrsppsprrsrssprrpprssrpssrsrrpsrppsprrpsspsprrsssprrsrprpsrprssssrprsssprsspsprrpspsspprspsrsrrsssprsrprsssppsrrsssrrssssrrpspsprrsp,0
h,34,sprsprpsrpsrprprprpspsprpspspspspsprpsprsprpsrprpsprsprpsrpsprpsrppppppsprpsrspsprsssrpsprrprrrsprsrsrpsrsrpsrpspsprprsprpspsprprprprprrrrrrrrrrrrssssssssssssrrpsrpsprpsrpsprspprsprsprpsrpsrprprprpspsprpspspspspsprpsprsprpsrprpsprsprpsrpsprpsrppppppsprpsrspsprsssrpsprrprrrsprsrsrpsrsrpsrpspsprprsprp,3267
m,35,rsprppsrsrsssrpssprpprprsrrspprsrrpsppprpssrpprprsppprsspssppsrrssrsprrspsppsssrppsspssrsppssppprpsrrppsrssrrssrrrrprprspssrsrpsrrprppsrsprsrrsppsprrrrsrsrpssprrprsppsrrrrspsrrsrrrpsrrrpprssrprrrsrrsrrprprssprppprspsssrpppssssrrrrrrssrsrrprpsrspprsrrprrprprssrrrrrrppspprppsrsssssssrprspprsspssrsrssp,0
h,36,spsrprspsrprsprsprsprsprsrppsrprsprprrppsppspspsprpppppppsprrpsrprsprspsrpsprpsrrsprsprsprspprsprspsrpsrprspsrprspsrprpsrpsprspsrprsprspsrprpspsrpsrprprpprprprpprprprprprprppppppppppspspspsppspspspspspsppspspspspspspspsppspsppsspspprrprprprprpprprprprprprprprrpprrsprsprsprspsrprsprspprsrspprspsrrpsp,2626
m,37,srspprrsprsrspspsrsrpprssppsrrsspsssprprsppssspsspssrsprssrprsrrssssppssprpspppprsrsrsrrprrsrspsspsrsppssrpppsprprpprssppspppppprrsrrsrsssrpsrrpprsspprpsprprpsprrrprpppsspsprsrpprrssspssrrsrspspsrprprsprpssprssprprsprrsrssppppssppspsspsppsrrprprrpsrprssppspprrppspprssrpssrrpsrsprsprrprrprppssrrprsrr,0
h,38,psrprpspsrpspsrpsprpprprprpspspsspspsprprprrprprrpspspspspsprpspspspsrppspsrpspsrpspprprspsprpsprprpsprrrrrrppppppssssrrrrpsprpsprpsprpsprprpprprrprrrrrssssppsprpsrpsrpspsprpsprpsprpsrprpspsrpspsrpsprpprprprpspspsspspsprprprrprprrpspspspspsprpspspspsrppspsrpspsrpspprprspsprpsprprpsprrrrrrppppppssssr,2498
h,39,srrrpsprppsrpssprprprprpsssssssprpsrppsprsprpsprpsrsrsrsrrrprspsrpppsprpsprsrprprpprpsspssprprrpsprpsrprpsprpsrrrprpspssrpsprppprpsprpsrpsrrpsprrpsprpsrpspsrpsprpssrrprprppprpprpsprsssssrprprprsprpppsppssrrrpsprppsrpssprprprprpsssssssprpsrppsprsprpsprpsrsrsrsrrrprspsrpppsprpsprsrprprpprpsspssprprrps,2135
h,40,prpsprsprpsrprspprsprpsrpsprpsrpsprpsprpsprsprpsprsprpsprpsprsppsrpsprspspprpsprspspspspppsrpsrsprspprrrrspsrpsspssssprsprprpsprpsprsprsprpsrpsrpspspsprspsppprsprpsrpsrpsrpsrpsprsprpsprsprpsprsprpspsprpsrpsprsprpsppsppsrprprpsprsprprpsrpspsrprpsprpsrppspsrpsprpsrpsrpsprpsprpsprsprpsprpsprsrpsrpsprsp,926
h,41,ssssssssssssssssssprpprprpprpsprpsprpsrpsprpsprsprpsprsprpsprpsprsprpsprprpprprpsprpsprsprpsprpsrpsprpsprpsprsprpsprpsprsprpsprpsprssprpprprspprpsprpsprsprppsprsprpsprpsprsprpsppsrprspsprpsprpsrpsprpsprppsprspsprpsprpsprspsrpsrprspspprprprpsprsprpsprsprpspprpsprsprpssrsprpprprprpspsprpspprpsssssssss,4682
m,42,ssssrrrprrsrprpsspspprppprrsrpprpssrrrprrpssrrppssprspsrsrrrpppspsssppsprpprppsrrpsspprsssrrpppsrprppssppppprppprrrssssrrrrppppprssssrsrpssrsppsprpprrpsrprprrrppssppssrpsrrppprrpssssrrrsspssprsrpsrrrspsprrrspsssprpprsprppprpprrsrrprsrppsrrsrrrsrpspprrpspsprpprrsrsrssprsspssspsprprpspsprssspsppprprrp,0
h,43,rprsrpsprsprspprsprsprsprsprpsrspsrrpsprsprspprprprspsrprsprsprsrsprsprsprsprrsprsprspsrprprsprsprsprsprsprsprprpsprsprsprpsrpsprsprpsrpsprsprssrprppsrprsrsrsprsprspprsrsprsprspprsprsprpprsprprpsprpprspsprrpprsrssrprpsrprpsprpsrprprprsprpsprsprrspprrprrsprsprprprpprspsrspsrprspprsrssrrsprsprpsprsprs,2349
h,44,sspspsprpsrpsprsprpsprpsrpsrpsprpsrpsprpsprsprpsrpsprpsrpsrpsrpsprpsrpsrpsrpsprpsrpsrpsrsrsprsprpsprsprpsrpsprpsrpsprpsrsprpsprpsrpsrpsrsrsrpsrpsprpsrpsprpsprpsrpsprpsprpsrsprpsrpsprpsprsprpsprpsprpsprpsprpsprpsprpsprprpsrpprpsrpsrpsrppsrpsprpsrpsprpsprpsrsprpsprprrprprprprprprprpspsppsprprppprpspsp,3355
m,45,rrsrprrssrssppppprpspsrssssrppsprpsrsspprrrrpsrsrrrrpsssrrrsssppspspssrprsrssrrsprsrsrrpsrsprppprrrsrrrssrrsprrsrspssrspssprssrspppssrprsprprspssrsrsrprrrpprprrssrrsssrspsspsppppprprrsrrsrrpppsssrsrpsprrssssprrsppprrrssssppprprssrppssrrpssspsrsrssrpsprrsrrsprsrrssppprrrssprrpssprsprprsspsspsrrsrrpsp,0
h,46,sprpsprsprpsrpsrpsprpsrppsrpsprsprpsrpsprsprprprprprprpsrppsrsrpsprsprsprpsprpsrpsprpsrpsprpsrpsprsprpsprpsrpsprpsprpsprpsrppsrpsprpsprpsrpsprpsprsprpsrsrpsprpsrpsprpprprprprpsprpsprsprpsprpsprpsprpsprpsprspprpsrpsprpsprpsrpsprpsprpsrppsprsprpsprsprpsprpsprpsprpsrpsprpsprpsrpsprpsprpsprspprsprpsrpsp,4670
h,47,rrrpspsrpprspsrpsrpsrpsprpspsprpsrprsprpssrpspsrpsprsprpsrpsrprpsprprsprpsrpsrpsrpspsrprpsrprsprpsprsprsprppprspsrpprspspsspsssrrpprpsrprsprprprprpsprpsrpspprpsrprpsprsprprprpsrprprppsrpsrpsrprsppppsrppsrprsprsrsrpprpsrprsprspprpsrppsrprprpsprprpsprpprrsprpprpsprpsrpsprprpsprpsrprspprpsrprsprpprprsp,2694
h,48,spprspsrprsprspsrpsrprprrsprpsrpssrprsprsprsprsprsprsprsprsprsprsprsprsprsprsprsprsprsprsprsprsprsprsprsprsprsprsprsprsprspprsprsprsprsprsprsprsprspprsprsprsprsprsprsprsprsprsprsprsprsprsprsprsprsprsprsprsprsprsprsprspprsprsprsprspsrprspsrprsprsprsprspprsrpsrpsrpsprpsprsprpsprsprpsprsprpsrpsprsprpsr,4901
m,49,rpsppsrsprrsrrrpppsssrpspsprrrsssssrrrpprssrpsprrrsrrprspsrssrsprrrppprsrrrssprrsppsssrspsprsrrprpprrpsrsprrrpprsrsrrsspsrsrrpsrrrpsspprssppprrprrpprpsrrrrrssrpsssppsrrspprrpssssrrrppppsrpprsrpprpsrrssrppssrsprsrssspsppsprrpsprsssssrpsspsrpsrspppsrrsppsrppsrrsssrppsrprrpsprprrprspssspsssrrsrrsrsprsp,0
h,50,psprpsrpsprspppsprpsppsrsrpsprsprpsprsprpsprpsprpsprpsprsprsprpsprpsrpsprpsrpssrrsrrsrpsprsprpsprpsprpsprpsrpsprpsprpsprpsprpsprpsrpsprpsprpsprpsrpsrpsprpsrpsrpsprpsprsprpsprppsrpsprpsrpsprpsprpsprprsprpsprpsprpsprsprpsprpsprpsprpsprpsrpsprpsprpsrpsprpsprpsprsprpsrprprprppsrspsrprprprprprprprppppppp,4100
h,51,rppsrpsprpprspprpppsprpspsrppsrpprppsrpprpprppsrpprpprsprprpspsrppprppprpprprprpsrprsprspprsppsrpprpprrspprsppsrprprpprpprsrprpprsprprpsppprprpprprpsrppsrpsprprrsprsppsrpprsprpprspprppppsrppsrpprspsrprppsrprspsrpprsprsprpspsrprprspprsprspprspprsprspprsprsprprpsprsprsprspprsprpprsprppprsppsrpprspprsp,4400
m,52,ssrrprspsrrrsrssrprrsrprpssspprrrrspspprssrsppssssrpsrssrppssrsprpprsssrpsprrsrpsspsrsprrpprsrrsrpprsrrrprppsprrsrrpssprrprsssrrrsrpspsprsrrrprrrrsprpssspspssprrsssprsprpsspsspsrrpppsprrpprspppsrpspsssrsrprssrsrpsprprsrrsrrrrsprrrrrsrprprssprprrpppppprrsssrrrrpsrrssprsrpsppprrrppspspssrsssrrspprsrps,0
h,53,pspsrsrsprspsrsrssrrpspspspspspsspspspsrsprspspsprssrpsprsprprpsrpsprpsrpprprpsrsprprpssssssprpsrpsrprppprrrrrrrrpsrprpprspsppsprsprspprsprsprpsrpspprpspppsrpsppppsrssssrrrsrpsrpsprsprsprpspppsrsrsrsrrrrrrrsssspppsspspsppsprsrrsrsrsrsprsprpsppsrpsprpsprsprpsrpsprsprpsrpsprsprpspsprpsrpsprsprpsprsprs,1118
m,54,spsppssppsrpsrprppprpssrrrrsrsssssppssrprsrsrpssrsrrrspspprpsrprppssppsrsssssrrrsspsprrrpspsspssspsrpsrrpprrpssprrpsrsrsprssrrrprsppprssspppsrrprsspssppssspspspprsppsspprrpppprpsrssppsppprpsprspprrrrsprrpprrrppprprsprpssssssrrssspprpprprrrsprsrrpppsspsrsppprrrprsrpsrspsrprprpprrsprrprpsrpprrrrpsssps,0
h,55,srprpsrpsprpsrprsprpsprspsrpprspprspsrprspsrprsprspsrprsssssssssssssssssssssssssssssssssssssssssssssssssssssssssssssssssssssssssssssssssssssssssssssssssssssssssssssssprssprpsrpsrprpsrpsprpsrprsprpsprspsrpprspprspsrprspsrprsprspsrprsssssssssssssssssssssssssssssssssssssssssssssssssssssssssssssssssssss,7553
m,56,sssrprrspsssprssppspsssppsppsrsrrprssrpsssprsrprrssrrpsprrsssppssprppsssrssrpsrpspppprpssspspspppppssrpsrrrrspprrspprssprrrsprprrrprrppsrspsspprsrsrsrrrspsrsppssspprsprpsprpsrspppppspssrrssprrsrsrsrrrpppssrpsprprrpssssrrrssssrrssrssspprsrsrpssrsprrrppsrspspspssppspspspprpsspsrpprprrrpssprrsspprrrsss,0
m,57,prprprprrssssrprrprssprrsssrsssrsssrprsrrppsrpspprsrpspprppssrssrrrsrpspsrrrrpsprprsprprpprsrpsssssrspsprsprprsprpspsrrsrspsrsrsrrprrrpppssspprpsrppppppsspsrsrssspprprrrrprrrpsrppssrrppspprpppssrssrrrrsssspspssrsrpspsssprpssrppsrprssspspsrsprsprpprrsrssrprpsrssrrssrrspssrsrrpsprrprrprssrrrrsrpppsssr,0
m,58,sssspsrrprprpsrrpprprrpprspssprprsrpsrsprrsrpprrssspsrssprssrsrrrsrrrrsssrrrpppssrrspsrprrsprrssrsrprssrssprrrpprsrpsrppsppsprrrrprrrpsprrrppsrprpspsprsspssspsssrspssrrrpssprrsrpppspssppspsrsrsppssprsspppsrpspsprsppsprsssspssprpsrpprrspsrspssrspprrpsprrrssrrsrprprpprssspprppsrprspspppsrsrsrrrsrpssrp,0
h,59,prpsprpsprpsprpsprsprpspsppsprspprrprpsppsrpsrprsrpsrsprsssrpsrprprspsrprsprsrsrspsrpsrsprpsrprsppsrpsrprssrpprsrsprsrpsrsrsrspsrpsprsssssspsppsppppsrrpsprprrprssppspsrpppspssspsprsrsprsprsppsrsrsrpprspsrsrprspsrppsrsrppsprpsrsprpsrpspsppsppsspspsrprrrrrprrrrrrrssrsprsppsrpsrppsrpsprpsprpsrssssspspr,1000
m,60,ssrprrrrrppssrsrpppsrspsrrrpsspprsssrssrpsrrrrrssprrrsrpsrspprrrsrrprrrsrprprrprprpssrpssrsprsrrsrsprsrrrprrsssssprsrsprppsrrrrsssssrrssspppspppssrrrrrrrrspsspsrrpprppsppsssrssspprrssssrsspppprsrrssrppprssspppsprprpprrrsspsspppspsrrsrpppsrpsrpspprprsrrpspsrprsrrppsrprsspprpsssssrsrrprpprprpprsrprsps,0
h,61,pspsrpsprpsrpsrpsrpsrpsrpsrprpsrprsprsprpsrspsrprpsrrsrspsrpsrsrpsrpsrpsrpsrprspsrprsssrprppsrprsrrsrpsrprrrrsprspsprpspsrpsrpsrpsrsprpsrppsrpsprpsrpsrprsprpsprsprpspsprrsprspsrpsrpprsprpssprprspspsrprsprsprsprspsrprsprsprsprrpsrrrsrspsrpsrsprsprsrpsrpspsrpsrpsprsprspsrpsrpsprsprpsrpsrpsrpsprprsrspr,2475
h,62,rsprsprsprsprsprsprsprsprsprsprsrpsrpsprspsrpsrspsrpsprprspprpsprsprpsprspsrpsrpspspsrpsrspsrspsrprpsrpsprsprpsprsprsprsprsprsprsprsprsprsprsprsrpsrpsprspsrpsrspsrpsprprspprpsprsprpsprspsrpsrpspspsrpsrspsrspsrprpsrpsprsprpsprsprsprsprsprsprsprsprsprsprsprsrpsrpsprspsrpsrspsrpsprprspprpsprsprpsprspsr,3831
h,63,rrrrrrrrpppppppppssssssssssssrrrpssssssssppppppppppprrrrrrrppprrrrspspssssssssrrrrrrrrrpssrpsrprspprsppppppppsssssrrrrrrrrrrrrrrrpsppssssssssssssssssssssssspppppppppppppppppppppppppprrrrrrrrrrrrrrrpppspppsssssssrpsrrrrrrrrrrrrrrrrrrrrrrrrrrrrrrrrrppppppppppppppppppppssssssssssssssprpsrspspspsssssppp,3942
m,64,rpsppssrsrsppprsrsrrpspssrspppprprspprrspppsprppssprsrpsssrspspsrssrpspsprppprppsrsrsssppspsrsprsprppsssrrpssrppsspsrssssrsrrppsppprrsspprsrprsssrsprssrspprrspsprspppssrsspsspsrsrppsrrrrppsrrsprrssspsssrspprrrppsrsrpssrpsrrprrsrrpsrprprsrspspsrsprprrrspprrrrppppsprrspsrpspspspsprsrpsssrspsprpsrprrrs,0
m,65,sprrsrsppsspspssrprprsppssrrsppppsppprspprspssrrrsprrrspprrpprrrrrrsspsprssrsprpsppspspspprppsprpssrprppsrsrrspspsspprppsrssrspssrppsprsppprrppsppspprspppprprsppprpsssssppsrrssrrrsrrrssspppprspsrsrssrrprrpsrprssrrprrrrrrssprrpssrpsppsrsrpsrprssspssrrssrrrrpssrssrprrsprprsssrrpsprrrrspsrpsrsprppssrpr,0
h,66,spssspsppsrsprprpprprprpspsrprsssssprprpppspprpprppprrrrrspssspsppsspsprpprppsprpsprpsspsssprpprppsssppprrrpsssprprprprpsssppppprprpprrrssssssrrrrrrrrrrrrrrrrrrrrrrrrrrrrpsprprpprrrrprrprpsrpsspsppspsrpsprpprrrprprrprprpspssrprrsprsprpsprpspprpspsrpspspssppspspsppspspsprprprprpspspsprprpspspssssrprp,1574
m,67,rprssprpssssprppsrsrpsrpsssrpsrppprrprprrssppspprrsrpsrsrprsppsprrrrsrpsrrsprrssspspprrrrssprsprssrrrprpssrrrsppppsssrrspsppspssrssrrrprrrrsrrrssprpprprssppsrsrsrrrsrrprpsrrprppspspssprsprrprrssrprrssprprrpsrppprrppssprrrssrrprrsprprpsrpsssrpprssspprrrsspsprppprspppsssrprpppsssrprpsssppssprsspsssprr,0
m,68,rrsrpsprrspspppspssrrrppssrsrpsrprspsprrrpppppppprrrsssppppppspsrsrrsspppprsrsprprprpprpprrprrprrrrpsspsrprpsprsrpssppsrrsrsprpprpppssprsrsrrppprppsrrpprrpprpssrprprsrprprspppsspsprpprrprpsrpsppsppspsrrsppprprprpprrrsprrrrrspssrpppsspssrpsrrppsprrrpsrppsrprpprspprrsprsrprsrssssrrspsrppppppssspprrsrp,0
h,69,prspsrprspprsrpspsrprprpsrprsprpsppppppppppppprsprsprspsrprsprsprprspsrprspprsrpspsrprprpsrprsprpsppppppppppppprsprsprspsrprsprsprprspsrprspprsrpspsrprprpsrprsprpsppppppppppppprsprsprspsrprsprsprprspsrprspprsrpspsrprprpsrprsprpsppppppppppppprsprsprspsrprsprsprprspsrprspprsrpspsrprprpsrprsprpsppppppp,5214
m,70,spsrsppprspprrrrssssrrrrrssrprrpsrsrsppprrssprrspssspsppssssppsrsrspsrpsrpsspsrsrpprppsrprssppprprpsppppprpsppsrrpssrssprprspppsrprspppprpprrppsrpsspssssssrrssspprsrrrpprssrpssrsspppspsrsprsprprssssprrpsspspssrsrrrpppsprrspssrssprpsrssrprrppprprppssppsrrspsppprspsrssrspsrpspssrrprspsrrrpprsrppprprrs,0
h,71,psrspsrspsrsrsrspsrsrsrsrsrprprprrsrsprprprprprsrsrsrsrsrsrsrspsrsprprprrsrsprprprprprsrsrsrsrrrprrsprrsrspsrsrsrsrsrsrpsrspsrspsrsrspsrsrspsrspsrspsrsrsrspsrsrsrsrsrprprprrsrsprprprprprsrsrsrsrsrsrsrspsrsprprprrsrsprprprprprsrsrsrsrrrprrsprrsrspsrsrsrsrsrsrpsrspsrspsrsrspsrsrspsrspsrspsrsrsrspsrsrs,6128
h,72,prprpspsppsprprsprprpsprspprprsprprprspsrprpsrpsrprspsrppsrprpsrpsrprspsrprpsrpspspssssppprprspspspspspsrprspsrprspsrprpsrprsprpsrprprsprpsprsprpsprpsprpsprpsprpsrprspprssssprpprssprprssprsprpsrpsrppsrsrppsrprsprsprspsrpspsppspspspspsppsprrrrrrrrspprspsrpsrprspsrpsrpsprsprprpsrpspspsrppspspsprprprrr,2141
h,73,rsprsrpsprpsrpsrpsprsprpsrpsprsprpsrpspprppprppprpspsppspspssppsrpprsprpsrpsprprprpsprpsrpsprprprprsprpprprprpprppspsrprsssrrpprprrpsrprsprsprpsrpsprsprpsrpspprpsrpsprpsrpsprsprpsrpsprpsrpsprsprpsprsprpsrpsprsprpsprsprpsrpsprsprpsprsprpsrpsprpsprsprsprpsrpsrpsprpspsprsprsprpsprsprpsrpsprpsrpsppspsss,1423
m,74,rrrsrpprrrppprpsppsprprpspssprsrprsrrpsprppssrpspsrrrprrrsssrpspprpsspsssrsprrpppssrpppprsrrssrpsrrspppssrpprssprssrsssssspprprsssrppprrpssprrsrrrrssssrsprpsprrsrpppspsppspprrrspsssrrsprppsrssrpppssprsppsssrprrrprrrrprssprrspppsrppsrsssprrsrrpprsppprrrssprrrpsprprrssrsprrppsrspppsspsprpprsssrrpspsrp,0
h,75,ppsppssssrssrsrrspsppspsprpssrrrsprppprprprprprssssrsrsrssrrpprppprrrppspspsprpprprsprpsrprppsrpsprpsrprsrpprpsrpssrrrspppspsprprprpspsppspspppsppssssrssrsrrspsppspsprpssrrrsprppprprprprprssssrsrsrssrrpprppprrrppspspsprpprprsprpsrprppsrpsprpsrprsrpprpsrpssrrrspppspsprprprpspsppspspppsppssssrssrsrrsp,2831
h,76,ppppppsppspsprsprpsrpsrpsprsprpsprsprpsrpsprspprppspsppspsprprprprprprprpsprsprsprsprpsrpsprsprpsrprprprpsprsprpspppppspppppsprpsrpsprsprsprsprpsrpspppsppsrpsprpsrpsrsprpsrpsprppsrpsprpsprprpsrppsprpsprsprpsprpspppsppsprrprprpsppspsprpppppprsprpsprsrpppprppsprprpsrpsprpsrpspspppspprrpsprsprppspppppp,2119
h,77,spspspspspsprprprprprprprpspssrsrsrsrsrsrsrsrsrsrsrsrsrsrsrprprprprpsrpsprsprpsprsprpsprsprpsprsrpsprsprpsppspspspspspsprprprprprprrpspprpsprsprpsrpsprpsprsprpspspspspsprprsrsrsrsrsrsrsrsrsrsrsrsrppspspspspspspsprsprpsprpsrpsprpsprsprpsprsprsprpsprpsprpsrpsprspsrpsprsprpsrsprpsprsppspspspsppspspspsp,3625
h,78,psprsprprsprsprsprpsprpsrrpsprsprsprsprsprspsrpsprsprspsprprprspsrprsprsprpsrpsrpsrpsrpsspspsrprprprprspspsprrsrsrprsprspspspspsprprprrpppprrsssspspspspsprrrrppspspspspspspprpsprppsrsprsprpsrrprsprspsrpprsprspsrpsrprsprsprsprpsrpsrpsrsrpsprpssprprsprprsprsprpprpsprpsprpsprpprpsrpprsprprspsrprsprpsps,3165
m,79,rprrrspspssrpsrsssprpssrsrprrppssrssrrspppprprpprprprrrpsprrsrsprrrsrrrrpprpssprprsrrprrspprrpssspsrpprsspssrsrpssrrrprpsrrprprspspspsrsrsssrrrrppsrssrrspsppprprrrprrrrrprprsrsrrrrrprspssssssrprsppprpprsrrrpprprsssrsssrpsrspsrsrppprssspsssppprrprppspprpspprspsrprpsspsppssrrrpprppppsppppsprspprrrrrrp,0
m,80,rrpprrrpsppppprspsprsrssssspspsrspsrpsrsrsppssrprsrsspsrprprsrrprrsssrrsrprrspprpsppsssrppppsprrssrrrrprrrsssprsrspssprpsrspppprspssssrsssspppspsrrsrpsssprrrrprsrprsrpsrsppsrprsrprrppsrssrsspsspsrrsrprpsprprssrrpppsrpppsrssppprsrrpsspsrspsprsrrpsrsrpsrsrsrrspprprppprprrspsssssppprrrprsssrsrprrpssppr,0
m,81,pssrppssssprrsprrpprspsrsrrrrsprrspssssrrrspprrssrpsprpsssrrprpsrsrrrpprrppsrrprpsrrspppppsrrprsrppsrsrpspsssrpssrssrssrpsrsrsrrpssppsppspsrpsrrpssrprrrspsrspsrsprrrrsppsssrsrssrssprrrrprrprpsrssrrrpsrspsspprsppsppssssspsrrppsrppppppssrpprprsrsrsprrssppspssrsrsrrssspsrsrrsspsspsrspspppsrprrprpppsprp,0
m,82,ppsrpprrppsprsrppssrpppppsssrsrprpsprrpsrrprrprsrpsrsrsppsrpprprsprpprrpsrprrpspsprpprpprsppsrrsrsspprrrssrsrrrrsrsrprpsprspsrprrsprrpssrprrpsrsrrpprprspppppppsssppssprspprssprrpsrrspsssrpssrprsprsrrsssrpprrpsrprrrsprssppsrsrpprrrrrrprrsppprsssspssspssrrpsprsrprrprsprrrrssrsrrrrrprrsprppsppprprsrpps,0
m,83,prsprsrrsprrrrspsssrprrprppsprsssspppsrprprrrsrrsppprrrsrsssrppsrssrprrprpsrsspsrrprpsrpprsrrspssrspppssrrpprrppppprsspssrrrspprsssprprsssspsrrsrppprrprpspspppspprprprsrpsppsssrrsrppsssrsprsssprpssrspsrrpsrssrspsssrrspsssprrrsrrrrrprsspsrrsprsrppsrprrspprsrspppprsppppspssprprrpppprprsssprrrsrrrpprss,0
m,84,prrppspssspspprrrrppspsspsspsrpsppsrsrsprsppprpprsrpsrprspppsprsrrsspprsppppsrrrpsprsrpppppssrsrpsrsrprpsrrrssrrssssrsrprrpspspspssppsppsrsprrsrsrpssrrpppsspprpssprprsrrprrsprsrrprsssrrsspprsrprprrrrppsrrsppsrsrssprrsrrpsspsssrsrpsrrspppppsprrsrrrpsprpppprrssrrrsrsrspsrssrsrprsrsssprprpssrrsrrppsrrp,0
h,85,prssprrpssprsprpsrpsrpsrpsrpsrsprpsrpsrprspsrpsrprspsrpspsrprsrpsprsprprprsprsprprprprssrpsrpsrpsrpspsrpsrpsrpspppsprsprsprsprpsrpsrsprprpsrpspsppsrpsprprsppspsspsprrspsprsprsprpsprsprpsrpsprpsrpsprpspsrpsrprsprrpsprpspprppsprpsppsprpsprsppsrpprsprpsprspprspprpsrpsprpspsprpspprprpsprprsprprpspprspsp,2257
m,86,psrrpsprsrsrrprspprspssssrrsrrrssprprsspprrrppspssrrpprspsssrpssrprspsrrrpsppsrrrsppspssrprrrprpppsppssppspsssrsppsrpprspspprrsrrsppspsrrssssrsrrrrrprprprsppprprpprprrrrssprpsprssssrrpppprsprspsrprsspspspprspsspprsppsprsppppprrrrssrrpsprsssppsrrrrpsssprsrrsssrrrrsppsrrsssppprsppspppppsssspsrrsrpprrp,0
h,87,rpsrpsprsprpsprsprsprpsprsprpsrpsprsprpsprpsprpsrpsprsprpspsrpsprprsprpsprpsprpprpsprprprprpspprpsprppsprpsrpsrpsprpsprpsrpspprpsrpsprpsrpspprprsprsprpsppsprpsprprprpsprsprpsprsprpsrpspsprpsprpsrprspsprpsprpsprsprsprpsprsprpsrpspprsprsprsprsprpsrpsprpsrpsprpsrpsprpsrpsrprspprsprsrpsprpspsprpsprspspr,4232
h,88,rpsprpsprprsprpsprprpprpsrpprsprprsppsrprpsrpsprpsrpsrprsprpsprspsrpsrpsrpsrpsprpsrpsrpsrpprspsrpsrprsppsrpsrpsrpsrpsrpprsprspsrprspsrpsrppsrpsrprsppsrpsrprspsrpsrpprspsrpsrpsrppsrpsrpsrppsrpsrpsrppsrpsrpsrpsrpprsprspsrprspsrprsprpsprspsrpsrppsrprprsppsrpsrpsrpsrpsrpprspprprpprsrrrrrrrrrrrrrrrrrrrrr,3639
h,89,rprspsprrpsprsprsprsprprrrrsprpsrpspsrpsrpsrpsrpsprsprpsrpsrpsprpsrpsprsprpsrpsprpsrprrpsprpsrprprprpsprsspsrprpsprpsrpsprpsprpsrpsprprsprspsprspprprsrpsspsrpsprpsrpsprpsrpsprpsprpsprsprpsprpsprpsrpsprpsprprpsprpsprsprrpprssrpsrprsprspsrprppsrpsprspsrprsprpsprspprspsrpsprpsprpsrpsrprpsprpsrprprpsrpr,2473
m,90,psppprsrprpssrprsprpprppprrpsrssprrprpspsrppsssprrsrsrsprppprprrsrrsssrspsspspppppssssrrrrppspssppppspsrssrssrsrsrssprprrrsssprprssrsssrrrsrpspssrspsrrppprrrsrrrpspsspppssrsrsrrsrrssprsrrpppprprrpspprsrprpsppsspsrsrprrpsprspsssprpsprprpspsspspppprssssrrrpsrsrpssrsrsssrsrspsssprrpspssrrpspppppsrppspr,0
m,91,ppppsspsrrsrrpssrspsrpsrssspsppssspspppsprrpsprrrpsrrpprprsppsrpsrspprpsrprsrpssspsrprsprrspsssrprrsrrrrppsrpprsrssrspsprrsspsprsrppsrrrsprsrrsrpsrrpspprrrrsrprprpspsrrprprspspprprssrssrpprpssprspsrprpssppprpppppspprrsprrprrprrpssrrprrpsprsrrrspspsrspsssspsspprrppsrsssprrrsspsssrrsrssrspprsssppssrrp,0
h,92,sprspsprpsprsrpsprsprsprsprpsrpsprpsrpsprsprpsprsprpsprpsrpsprsprspprsprpspsprsprpsrpsprsprsprpsrpsprpspsprsprpsrpsprspprspprpsprsprsprpsprspprsprpsprsprpsprsprpsprpsrpsprsprpsprsprpsprsprpsprsprpsprspprsprpsprspprsprpsprpsprsprpsprpsppsrpsprsprpsprspprsprpsprsprpsprsrpsrsprsprsprpsrpsprsprspsprpspr,4015
m,93,prsrprpsrsrpspsrsrrsppsspssrrpsprppsrrpsrspsrrsrsssrrspprrrpprrpppsrpspspprprrprrpspssrsrpsprsrrrpssrrpprrsrrsprpsspsprssrrpspppspprsrpppprsppsrpprsprpspprrsrssrspssprssssrspsrrsspsspsssrrssrrrrsssspprrrssrrpprrprpprrppssprrpppspsprssrspssssrrpprspprprrssrsssrssrrrsssssrpprpsrpspprrrpprprpprrsrrspsp,0
h,94,prsprpsprpsrpsprsprpsprpsrpsrpsprpsrpsrpsprpsrpsprpsrprprprprsprprprprprprprprprpprpsprpsprpsppppsprprprprpspsprprprpspsprprprpspsprprpsprprpsprprprprprpspsrpprpsprspsrsrsprsrpsrpsrpsrpsrsprsrpsrsprsprsprsprpsrpsrpsprsprsprpsrpsprpsprsprpsrpsrpsprsprpsrpsrpsprsprpsrpsprsprpsrpsrpsprsprpsrpsrpsrprpsp,2758
h,95,srrsrrsssppsppprprprprrrsssrsrrsppppprrrrrrsssrpspspspspsrsrsrsrsspspspprprpppssrsrrsssssssppprpprprrrrpppppspsppsprrsrpsprpprpsppsprpprrpsrrsrrssssspppspspprrppprrrrrrrrrpppsssrssrpspprsrppprprprrssrpprppsssrrrrrssppspsppsprprrprrpppppsssssrrrrrssppspspprrrpsprpprppssrsrrsrrsssppsppprprprprrrsssrsr,1370
h,96,srprsprsprsrpsprspprsprpspprpsrpprsprpsrprsprsprsrpsprspprsprpspprpsrpprsprpsrprsprsprsrpsprspprsprpspprpsrpprsprpsrprsprsprsrpsprspprsprpspprpsrpprsprpsrprsprsprsrpsprspprsprpspprpsrpprsprpsrprsprsprsrpsprspprsprpspprpsrpprsprpsrprsprsprsrpsprspprsprpspprpsrpprsprpsrprsprsprsrpsprspprsprpspprpsrppr,5744
h,97,rprpsrprprprprprprprprprprprprpsrprprprprprprprprprprprprpsrprprprprprprprprprprprprpsrprprprprprprprprprprprprpsrprprprprprprprprprprprprpsrprprprprprprprprprprprprpsrprprprprprprprprprprprprpsrprprprprprprprprprprprprpsrprprprprprprprprprprprprpsrprprprprprprprprprprprprpsrprprprprprprprprprprprpr,7950
m,98,rprpsrprsppprsrppsrssrpspprssrsrprrrprssrrrppsrrprrppppppsrrrpppssspsrrppspprpssspsrpsrspssssssrrrpsrrrpssrpspprppsprspsssspssrrrsppsspssrrsrrsprrprppsrsrrrpsspsrrppsprspssppppsrrrssrpsrsssrppspspspsppppprpsrpppppsprsrrsrrsppsprrsprrssrrpprsrrpsprrrpprrsrrsrsssrsrsrsppsspsppprpsrpsrrrsrrpprprrsprprs,0
h,99,srpsrpsprsprpsrpsprsprpsprpsrpprpsppsrsrrrrppppppspspspppsspprrppsprsprpsrpsprsprpsrpsrpsprpsprpssrpsprpsrpsprpsprprsprsprsprsprsrsprsprsprsprsprsprspprsprsprsprsprsprsprsprsprsprsprsprsprsprsprsprsprsprsprsprsprsprsprsprrprprprprpprprprprprprpprprprrprpppssspsspsprprprpprpsprpsprsprsprpsrpsrpsprspr,3405
m,100,rrsrrpprsppssprsrrsrrrrsrsspprprsrpssrpsrrprpsrspssspprpssrprrsrpprrpsprpspprsrprssrpsrrsrssprrrsspppsrsrpprssrsrpppsprprrpsrspprssprrrppsssssrssppsprspsrpsppssrprprsrspsrrssrrpssspspprprrrrprssrrrspsrsrsrprrrrrpsrrrrrspprrrrrrrspsrprsrrrpsspsprssspspsrsssrsrrrpspprsrrrrssrpsssrrsppppssrpsrprspsssrs,0
h,101,sprprprprpsprprpsprpsprpspsrsrsrspsrprpspspspspspsrsrsprprprprprprprprprppspspspspprpsprpsprprprprprprppspsspspsppssrsrsrsrsrsrsspspspspsppspsprprprpsprpsprpsprpsrprppsprprsppspsrpsprpsprpsprpprprprprprprprpspspppppspspsprprpsprprprpsprpsprpsprpsprprprprprprppsprprprprprprprprprprprprprprprprprprpps,3616
m,102,srsrspsprsprrppppsrspppprsprsrsrsppprsrrspsrprppsppsspsppssrrspsssprprrprrpsrrrrspprppprspprspsprsrsprssrrpprrssrsppspssrrppppprrrppppprppsrsssprrprrsssrsppsssrssrrppprsrsspspprrsrrsrrrssprsrsrprppsprrpsrrsprprsrpppprprpsssrsppssprrsrppspsppprsspsrpprsrprssssppsrppsrrppppsprrrssrspsspssrspprsspspprs,0
m,103,srspsprsssprsrsprsrsprppsprprppsssrpsrrprprpsspssprrrpsssprrpsppsrpsrssrspsspsssrrrsrspsssrpssrrrrpssprpprrrssrpsssrpspsrssrrsrrsppsprrrpprssrsrrprpprsrsrprprspsssrppssrspsrrrrpsprrrpsrsrprpssrrpsrprpsrrppsrppprsssssprspprsrprrpsrppsrppssrprrpsppsrprrsrsrrrsprssrrrrprrrsrsrrrpsrprpsssrpspsssppprrprp,0
h,104,sprpsrpsprpsrppsrpsprpsrpsrpsrpsprsprpsrpsrpsrpsprsprpsrpsrpsprpsrpsprsprpsrppsprpsrpsrpsrpspspsrprpsrpsprsprpsrprprpsrpsprpsrprprpsrpsprsprrpsrprpsrpsprpspspspsrpsprsprpsrpsprpprsprpsprpsprpsprrpsprpsprpsppsrpsprpsrpsprpsprpsrpsrpsprpsrpsprrpsprpsprpsprpsprprprpsprpspspsprprprprrsrsprpsrprsprpsprpr,2914
m,105,sssprsssrsrrrssspppssrsprsrsrspsrsrrpspsrssrrrssrsrpspssspppspssrsrrsrrprrrspprrssrssrpssrspprsprpppprspsrsrrrpssrspprrpsrsprrsspppssppssssssprpspsrrrssrsprprprrrsppssprprspsrssssrprrspspssppsprpprrppssrrrsppsppspppsprspssrsrprssspprspsssspspprprrspspppsppprsssppsspspsrpsrsssrrsrprssssrsprspprsrprrr,0
m,106,prssspspspspsprppsrrprsprsprsprpssppsrspppspspssrrpspsssppsprrsssspsssprrrprprpprsprsrrrprrrppsrpprrsssssrpsspsrrrpsspsspprrprrpsrsrprssrrssppsprsprsrrsrrrpssrspsrrppppsrsrrrrrrpspspprpppsprprrssrpsrssspsspppssrspprrppssrppsrssprrsrsspsrrrrppprrprrpprrspspsspsrrsrrprsrssrsppsrrrpprrsprsprrsrpsrprssp,0
h,107,prsssrrssrrspsrprrpssrrrssrsrspssrrsspsppspsrppssprrrrrrrrrsssrrsspprpsspprsssprsrrpsppprppsrrprsppsrrsssrrsssprrprprspsprpppssspssrpprpsrrrpsrprrprprprrrsrrrssprrrpssssprpsprrrssppspsprsrppsppprppprsrrrppppsrrpsspprpsrpprsprrssssppsrsppsrrrsrppsrpppsrrrrsrsrpppsprpspspsspprpssprprpspppsssrpsrsrrprr,900
m,108,sprrppprprppsppsrsppsprpssrrprrsrrsprssssprrrrprsspsprsrrsrppsspssssrssrrspsrrpsppprrprrsrrsssssrssrrrrprrpsrrsrpppspssssrppspppsrsssprrprrrpprppprsrrrsprpsprspprrsrprrpppssssssspsrrrpssssprrpsrssspssrrppprrrrppsprrspprrsspssprpsrrspprprrprrssrrpprprssprssprppsrrsrprspssprrpppssssprrrspspppsrssssssr,0
m,109,rssrsrsrprrssrsrsssrprrpsssprprrpsrrsrsrsrsrrsprssprppsprrrspppsrppsppsssrrssppsrprsrspprsprsprprprppsssrppsppsrprsspprspprprprsrrsprrppsprsppprrrprsprsprpspprpsssrppprrsprprrssrrpssrrspsprsprrprppsrprsrssrpsrprsprprrrrrpsrppssrpssspsrsprrprspssssrsrsrspsrprppspspprsrssrsprspprrssrrprssprsrrpspspprp,0
h,110,srssrrsrrsrsrsrsrsrrrsrsrsrsrrsrssrsrsrssrssrssrrssrsrsrsrsrsrsrsrsrsrrssssrssrrssrssrsrsrsrsrsrsrsrsrsrsrsrsrsrsrsrssrsrssrsrsrsrsrrsrssrsrsrrsrsrrsrrrrrrrsrssrssrrssrssssrsrsrsrsrsrrsrsrsrsrsrsrsrssrsrrsrssrsrsrsrsrsrsrsrsrsrsrsrsrssrsrsrsrssrsrsrrsrsrrrssrsrsrssrsrsrssrsrsrsrsrsrsrssrsrsrrsrsrrsr,3306
h,111,rrsprprsppsrprpsrprsprprsprprsprpsrpsprpsrppsrprsprpsrprpsprpsrprsrpsrpprsprpsrprprpsrprpsprsprprpsprsprpsrpsprpsrpsprpsprpsrpsprpsrpsprprsprssrpprsrpsprpsrpsrrspprsprsprpspsrprsrprpsprppprsprpsrrrrrspsrpprpsprprprpsppsrprpsprpprprrprprprsppspspspsrprprpsrpsprprpprspprrsprprsppsrprpsrprsprprsprprspr,2524
m,112,pprppsprssssrsspsppppprpssssprrsssrpprppsprrsrpsprrsrspsssprssprrspsrpsprrsrrsrrsppspssrrrsssrpppsrpprrsrssrrprssspsprrpsrppsrrrprspprsppprrpsssrrpsrrprrrsssrsspsprsspsppspsppspspsprpsprssrrprrrssrsrsprsrspsprssppssrpssrsppsssrppspsssrppspssrppsrsppprprprpsrrpppppprssssrrsprsrpspprrrrrppppsrrsrpprrp,0
m,113,rsrssppspsrsrsrsrspsppsrsrsspppppppprsrsrsrsrsrsrssrrspppsrsrsrsrrsrsspspspspssrsrsrrssrrssspspsppspssrsrsrrssrsrsrsrrsspspprprpprppsprpsprpspprpppsppppprppppprpsprpppprssprrrpsppsprpsrrrrrsssppppprpspprpprpppprrrspprppppspprpppsspprprprppssprpsprppsprprpsprpppspsprprrppspsprpspprprppsprpprprppppppr,0
m,114,pprssrsrrprsrrppssrprprrrprsrsssppsrpsssspsssppprprpsprppprspprrrsrrrrrprrpspprsrsppsrsppprrrpsrsrrpsppppsrsprrsprsrprpsrrrsppspspprrsrsrpsrrprsrpsrprprpppprpsprssrrssppsprppprssrsrpsprpprsrssrprprpspsrprpppsrrrpprsprssrrrsrpppsrspssrspspsprrsppsrpprspppsrsspsrppsrpsppsppsrrspssrspprssssrpsrrprrsrss,0
m,115,ppsrsssrsrprsprprrsrrppsrsspsssspsrsrrrsrssspppprprprrsrrpsppppspsrsprssrrpsrprrssppspsrrprpppspsrsrrsssrsrssrpsprssrsrssspsprsssspprsrprrrssrspsspsrsprpssrssrprsrsspsspppppsspsrrrsppprprpsprsrppsrpsrprsprssssrrprspsrsrprrspsprrppppssppspprpsrppprsrssppprprrprsspsrsrpsrrsssrspsprsprsrspspsrpprrrrrrr,0
m,116,rssrpsssrpsprssrrrsssrsrspsppsrrprrprprspprprrrsprpprsrsppprsrpppsrrrspprrpppprrrsppprrrrssrrrprsspsprprprrrspsrrpsrprppprsrsprpsrrppssppprrrrrpsspppprpsspprrsrrsspssrpspssprrprssrrssrrrpssprsrsrsrspppsprsrpsrrrspsrpsprrrssrprprrrsrrrssrsrppsrpssrrrprrpprsrsrrrrpppprprspspprpsprrspprrsrpsssppsrrsprp,0
